SMILES,Sigma,NBO_CC,NBO_SC,E(HOMO),E(LUMO)
O=C(O)c1cccc(B(F)F)c1,0.32,-0.183,-0.489,-0.28817,-0.08233
O=C(O)c1cccc(Br)c1,0.39,-0.162,-0.13,-0.26324,-0.07616
O=C(O)c1cccc([Ge](Br)(Br)Br)c1,0.66,-0.169,-0.515,-0.29236,-0.09336
O=C(O)c1cccc([Si](Br)(Br)Br)c1,0.48,-0.173,-0.577,-0.28562,-0.08182
O=C(O)c1cccc(Cl)c1,0.37,-0.162,-0.059,-0.26772,-0.07613
O=C(O)c1cccc([Hg]Cl)c1,0.33,-0.167,-0.419,-0.27979,-0.07527
O=C(O)c1cccc(S(=O)(=O)Cl)c1,1.2,-0.163,-0.317,-0.3077,-0.10901
O=C(O)c1cccc(SCl)c1,0.44,-0.175,-0.24,-0.25831,-0.11286
O=C(O)c1cccc(I(Cl)Cl)c1,1.1,-0.154,-0.236,-0.2878,-0.15229
O=C(O)c1cccc(P(=O)(Cl)Cl)c1,0.78,-0.169,-0.466,-0.30117,-0.09033
O=C(O)c1cccc(P(Cl)Cl)c1,0.54,-0.174,-0.425,-0.28374,-0.09287
O=C(O)c1cccc(P(=S)(Cl)Cl)c1,0.7,-0.169,-0.437,-0.27307,-0.09516
O=C(O)c1cccc([Ge](Cl)(Cl)Cl)c1,0.71,-0.169,-0.513,-0.29842,-0.08787
O=C(O)c1cccc([Si](Cl)(Cl)Cl)c1,0.48,-0.164,-0.599,-0.29612,-0.08562
O=C(O)c1cccc(F)c1,0.34,-0.159,0.406,-0.27238,-0.07512
O=C(O)c1cccc([Hg]F)c1,0.34,-0.169,-0.441,-0.27758,-0.0695
O=C(O)c1cccc(S(=O)F)c1,0.74,-0.169,-0.309,-0.29011,-0.0938
O=C(O)c1cccc(S(=O)(=O)F)c1,0.8,-0.164,-0.34,-0.30818,-0.09811
O=C(O)c1cccc(I(F)F)c1,0.85,-0.156,-0.26,-0.27619,-0.07835
O=C(O)c1cccc(P(=O)(F)F)c1,0.81,-0.17,-0.51,-0.30257,-0.09394
O=C(O)c1cccc(P(F)F)c1,0.49,-0.177,-0.475,-0.29176,-0.08785
O=C(O)c1cccc([Ge](F)(F)F)c1,0.85,-0.168,-0.562,-0.30654,-0.09419
O=C(O)c1cccc(S(F)(F)F)c1,0.7,-0.169,-0.294,-0.30252,-0.10269
O=C(O)c1cccc([Si](F)(F)F)c1,0.54,-0.175,-0.625,-0.29329,-0.08432
O=C(O)c1cccc(I(F)(F)(F)F)c1,1.07,-0.157,-0.343,-0.29882,-0.11081
O=C(O)c1cccc(P(F)(F)(F)F)c1,0.63,-0.176,-0.507,-0.30173,-0.09353
O=C(O)c1cccc(S(F)(F)(F)(F)F)c1,0.61,-0.163,-0.243,-0.30223,-0.0941
O=C(O)c1cccc(I)c1,0.35,-0.162,-0.227,-0.25093,-0.06861
O=Ic1cccc(C(=O)O)c1,0.58,-0.164,-0.254,-0.22323,-0.08778
O=C(O)c1cccc(I(=O)=O)c1,0.68,-0.158,-0.328,-0.26085,-0.09823
O=Nc1cccc(C(=O)O)c1,0.62,-0.173,0.017,-0.24325,-0.1239
O=C(O)c1cccc([N+](=O)[O-])c1,0.71,-0.168,0.057,-0.30215,-0.11554
O=C(O)c1cccc(O[N+](=O)[O-])c1,0.55,-0.166,0.244,-0.28803,-0.09413
N#[N+]c1cccc(C(=O)O)c1,1.76,-0.138,0.003,-0.43974,-0.30462
O=C(O)c1cccc(N=[N+]([O-])[O-])c1,0.0,-0.192,0.122,-0.07335,0.05478
[N-]=[N+]=Nc1cccc(C(=O)O)c1,0.37,-0.169,0.106,-0.24966,-0.07503
O=C(O)c1cccc([O-])c1,-0.47,-0.202,0.362,-0.02902,0.08561
O=C(O)c1cccc(S(=O)[O-])c1,-0.02,-0.198,-0.262,-0.05673,0.0438
O=C(O)c1cccc(S(=O)(=O)[O-])c1,0.3,-0.199,-0.291,-0.09572,0.03795
O=C(O)c1cccc([S-])c1,-0.36,-0.202,-0.192,-0.02891,0.0684
O=C(O)c1cccc([As](=O)([O-])O)c1,0.0,-0.198,-0.397,-0.09747,0.03545
O=C(O)c1ccccc1,0.0,-0.178,-0.225,-0.27231,-0.06552
O=C(O)c1cccc(N[N+](=O)[O-])c1,0.91,-0.163,0.109,-0.27064,-0.08591
O=C(O)c1cccc(O)c1,0.12,-0.158,0.305,-0.24634,-0.06569
O=C(O)c1cccc(S(=O)O)c1,-0.04,-0.171,-0.289,-0.26875,-0.08054
O=C(O)c1cccc(P(=O)([O-])O)c1,0.2,-0.204,-0.416,-0.10367,0.04351
O=C(O)c1cccc(OP(=O)([O-])O)c1,0.29,-0.189,0.336,-0.11426,0.03764
O=C(O)c1cccc(S)c1,0.25,-0.137,-0.201,-0.24538,-0.1404
O=C(O)c1cccc(B(O)O)c1,-0.01,-0.187,-0.418,-0.26533,-0.06077
Nc1cccc(C(=O)O)c1,-0.16,-0.159,0.154,-0.22282,-0.05949
O=C(O)c1cccc(NO)c1,-0.04,-0.159,0.131,-0.23262,-0.06317
NS(=O)(=O)c1cccc(C(=O)O)c1,0.53,-0.168,-0.313,-0.28771,-0.08286
O=C(O)c1cccc(P(=O)(O)O)c1,0.36,-0.174,-0.47,-0.2853,-0.07717
O=C(O)c1cccc(P)c1,0.06,-0.173,-0.334,-0.26144,-0.06974
O=C(O)c1cccc([B-](O)(O)O)c1,-0.48,-0.214,-0.285,-0.09384,0.06543
O=C(O)c1cccc([GeH3])c1,0.0,-0.176,-0.42,-0.2738,-0.06975
[NH3+]c1cccc(C(=O)O)c1,0.86,-0.127,0.071,-0.41766,-0.2132
NNc1cccc(C(=O)O)c1,-0.02,-0.158,0.149,-0.22318,-0.06215
O=C(O)c1cccc([SiH3])c1,0.05,-0.177,-0.471,-0.27411,-0.06949
O=C(O)c1cccc(C(Br)(Br)Br)c1,0.28,-0.168,-0.122,-0.27644,-0.08498
O=C(O)c1cccc(C(F)(F)Cl)c1,0.42,-0.168,-0.149,-0.29066,-0.0828
O=C(O)c1cccc(-n2nnnc2Cl)c1,0.6,-0.161,0.121,-0.29175,-0.09082
O=C(O)c1cccc(C(=O)Cl)c1,0.51,-0.175,-0.184,-0.2969,-0.10115
O=C(O)c1cccc(N=C(Cl)Cl)c1,0.21,-0.166,0.11,-0.26155,-0.07645
O=C(O)c1cccc(C(Cl)(Cl)Cl)c1,0.4,-0.168,-0.109,-0.28532,-0.08346
O=C(O)c1cccc(OC(Cl)(Cl)Cl)c1,0.43,-0.16,0.287,-0.27303,-0.0778
O=C(O)c1cccc(C(=O)F)c1,0.55,-0.176,-0.206,-0.29726,-0.09601
O=C(O)c1ccc2c(c1)OC(F)(F)O2,0.36,-0.173,0.264,-0.26935,-0.07687
O=C(O)c1cccc(C(F)(F)F)c1,0.43,-0.169,-0.162,-0.29294,-0.08324
O=C(O)c1cccc([Hg]C(F)(F)F)c1,0.29,-0.17,-0.449,-0.27326,-0.06851
O=C(O)c1cccc([Hg]SC(F)(F)F)c1,0.39,-0.168,-0.418,-0.26543,-0.07718
O=C(O)c1cccc(/I=N/S(=O)(=O)C(F)(F)F)c1,1.3,-0.158,-0.256,-0.27625,-0.13084
O=C(O)c1cccc(/N=N/C(F)(F)F)c1,0.56,-0.177,0.058,-0.28262,-0.12146
O=C(O)c1cccc(OC(F)(F)F)c1,0.38,-0.167,0.285,-0.27408,-0.07866
O=C(O)c1cccc(S(=O)C(F)(F)F)c1,0.63,-0.167,-0.292,-0.27461,-0.08805
O=C(O)c1cccc([Se](=O)C(F)(F)F)c1,0.81,-0.167,-0.328,-0.27317,-0.08793
O=C(O)c1cccc(S(=O)(=O)C(F)(F)F)c1,0.83,-0.166,-0.345,-0.30673,-0.09708
O=C(O)c1cccc([Se](=O)(=O)C(F)(F)F)c1,1.08,-0.162,-0.358,-0.30918,0.09886
O=C(O)c1cccc(OS(=O)(=O)C(F)(F)F)c1,0.56,-0.162,0.26,-0.28935,-0.08474
O=C(O)c1cccc(SC(F)(F)F)c1,0.4,-0.171,-0.235,-0.2838,-0.08228
O=C(O)c1cccc([Se]C(F)(F)F)c1,0.44,-0.171,-0.271,-0.264,-0.08153
N#C[Hg]c1cccc(C(=O)O)c1,0.28,-0.169,-0.45,-0.27947,-0.0715
N#Cc1cccc(C(=O)O)c1,0.56,-0.169,-0.177,-0.28917,-0.08995
[C-]#[N+]c1cccc(C(=O)O)c1,0.48,-0.164,0.103,-0.28226,-0.0855
O=C=Nc1cccc(C(=O)O)c1,0.27,-0.163,0.121,-0.26084,-0.078
N#COc1cccc(C(=O)O)c1,0.67,-0.154,0.282,-0.2808,-0.08735
N#CS(=O)(=O)c1cccc(C(=O)O)c1,1.1,-0.163,-0.339,-0.31241,-0.10452
O=C(O)c1cccc(N=C=S)c1,0.48,-0.165,0.113,-0.24859,-0.08183
N#CSc1cccc(C(=O)O)c1,0.51,-0.158,-0.189,-0.26303,-0.08432
N#C[Se]c1cccc(C(=O)O)c1,0.61,-0.166,-0.249,-0.26944,-0.08685
N#CN=Nc1cccc(C(=O)O)c1,0.71,-0.17,0.056,-0.28746,-0.14156
N#C/N=[N+](/[O-])c1cccc(C(=O)O)c1,0.78,-0.164,0.085,-0.29559,-0.13801
O=C(O)c1cccc(C([N+](=O)[O-])([N+](=O)[O-])[N+](=O)[O-])c1,0.72,-0.164,-0.152,-0.30706,-0.013774
[N-]=[N+]=Nc1nnnn1-c1cccc(C(=O)O)c1,0.54,-0.162,0.128,-0.27835,-0.08939
O=C([O-])c1cccc(C(=O)O)c1,-0.1,-0.208,-0.124,-0.06921,0.05065
O=C(O)c1cccc(C(Br)Br)c1,0.31,-0.17,-0.105,-0.27326,-0.08163
O=C(O)c1cccc(C(Cl)Cl)c1,0.31,-0.168,-0.088,-0.28764,-0.07908
O=C(O)c1cccc(OC(Cl)Cl)c1,0.38,-0.158,0.292,-0.26816,-0.07758
O=C(O)c1cccc(C(F)F)c1,0.29,-0.17,-0.139,-0.28584,-0.07672
O=C(O)c1cccc(OC(F)F)c1,0.31,-0.158,0.285,-0.27107,-0.07782
O=C(O)c1cccc(S(=O)C(F)F)c1,0.54,-0.167,-0.288,-0.26529,-0.08726
O=C(O)c1cccc(S(=O)(=O)C(F)F)c1,0.75,-0.168,-0.339,-0.3046,-0.09503
O=C(O)c1cccc(SC(F)F)c1,0.33,-0.17,-0.233,-0.27069,-0.08027
N=S(=O)(c1cccc(C(=O)O)c1)C(F)(F)F,0.72,-0.168,-0.316,-0.28949,-0.09001
O=C(O)c1cccc(NS(=O)(=O)C(F)(F)F)c1,0.44,-0.158,0.111,-0.27464,-0.08149
O=C(O)c1cccc(C(I)I)c1,0.26,-0.167,-0.092,-0.25609,-0.08766
N#CNc1cccc(C(=O)O)c1,0.21,-0.15,0.151,-0.25,-0.07685
O=C(O)c1cccc(-n2cnnn2)c1,0.52,-0.159,0.133,-0.28345,-0.0904
O=C(O)c1cccc(-c2nnn[nH]2)c1,0.64,-0.169,-0.112,-0.27692,-0.08828
O=C(O)c1cccc(-n2nnnc2O)c1,0.39,-0.161,0.131,-0.27557,-0.08387
O=C(O)c1cccc(-n2nnnc2S)c1,0.45,-0.161,0.129,-0.27101,-0.08832
O=C(O)c1cccc(Nc2nnns2)c1,0.3,-0.154,0.15,-0.25184,-0.08535
O=Cc1cccc(C(=O)O)c1,0.35,-0.179,-0.18,-0.27686,-0.09336
O=C(O)c1cccc(C(=O)O)c1,0.37,-0.178,-0.178,-0.28504,-0.08177
O=C(O)c1cccc(CBr)c1,0.12,-0.171,-0.082,-0.27014,-0.07426
O=C(O)c1cccc(CCl)c1,0.11,-0.172,-0.081,-0.27616,-0.074
O=C(O)c1cccc(OCCl)c1,0.25,-0.161,0.298,-0.25776,-0.07083
O=C(O)c1cccc(CF)c1,0.12,-0.174,-0.107,-0.27999,-0.07329
O=C(O)c1cccc(OCF)c1,0.2,-0.161,0.296,-0.25853,-0.06985
O=C(O)c1cccc(SCF)c1,0.23,-0.17,-0.218,-0.25432,-0.07495
O=C(O)c1cccc(CI)c1,0.1,-0.171,-0.063,-0.26018,-0.08042
O=CNc1cccc(C(=O)O)c1,0.19,-0.157,0.144,-0.25371,-0.07889
NC(=O)c1cccc(C(=O)O)c1,0.28,-0.176,-0.146,-0.27173,-0.07671
NC(=S)c1cccc(C(=O)O)c1,0.25,-0.173,-0.119,-0.22345,-0.08369
O=C(O)c1cccc(/C=N/O)c1,0.22,-0.175,-0.112,-0.24969,-0.07771
O=C(O)c1ccc2[nH]cnc2c1,-0.15,-0.176,0.112,-0.25039,-0.06548
NC(=O)N=[N+]([O-])c1cccc(C(=O)O)c1,0.59,-0.168,0.09,-0.2833,-0.119
O=C(O)c1ccc2c(c1)OCO2,-0.16,-0.184,0.268,-0.23339,-0.05987
Cc1cccc(C(=O)O)c1,-0.07,-0.171,-0.042,-0.26084,-0.06343
C[Si](Cl)(Cl)c1cccc(C(=O)O)c1,0.31,-0.177,-0.555,-0.28513,-0.07876
C[Si](F)(F)c1cccc(C(=O)O)c1,0.29,-0.179,-0.586,-0.28318,-0.07554
C[Hg]c1cccc(C(=O)O)c1,0.43,-0.177,-0.462,-0.23642,-0.05097
O=C(O)c1cccc(NCS(=O)(=O)[O-])c1,-0.1,-0.17,0.188,-0.10264,-0.02624
NC(=O)Nc1cccc(C(=O)O)c1,-0.03,-0.16,0.137,-0.24811,-0.076
CN(c1cccc(C(=O)O)c1)[N+](=O)[O-],0.49,-0.168,0.121,-0.26786,-0.08004
NC(=S)Nc1cccc(C(=O)O)c1,0.22,-0.167,0.147,-0.22316,-0.06938
COc1cccc(C(=O)O)c1,0.12,-0.16,0.313,-0.24026,-0.06407
O=C(O)c1cccc(CO)c1,0.0,-0.174,-0.068,-0.25921,-0.06121
CS(=O)c1cccc(C(=O)O)c1,0.52,-0.169,-0.274,-0.24577,-0.07801
COSc1cccc(C(=O)O)c1,0.21,-0.166,-0.243,-0.23316,-0.07237
CS(=O)Oc1cccc(C(=O)O)c1,0.44,-0.171,0.266,-0.26703,-0.07227
COS(=O)c1cccc(C(=O)O)c1,0.5,-0.167,-0.286,-0.26228,-0.07803
CS(=O)(=O)c1cccc(C(=O)O)c1,0.6,-0.169,-0.324,-0.29643,-0.08604
CS(=O)(=O)Sc1cccc(C(=O)O)c1,0.43,-0.175,-0.243,-0.27669,-0.08927
CS(=O)(=O)Oc1cccc(C(=O)O)c1,0.39,-0.167,0.262,-0.27889,-0.0791
CSc1cccc(C(=O)O)c1,0.15,-0.163,-0.199,-0.22592,-0.06705
CSSc1cccc(C(=O)O)c1,0.22,-0.168,-0.21,-0.24099,-0.0742
C[Se]c1cccc(C(=O)O)c1,0.1,-0.175,-0.257,-0.22789,-0.07054
CNc1cccc(C(=O)O)c1,-0.21,-0.158,0.167,-0.2125,-0.05721
NCc1cccc(C(=O)O)c1,-0.03,-0.173,-0.06,-0.2489,-0.06033
CS(=O)(=O)Nc1cccc(C(=O)O)c1,0.2,-0.159,0.136,-0.25462,-0.07283
[NH3+]Cc1cccc(C(=O)O)c1,0.59,-0.146,-0.14,-0.40284,-0.20182
O=C(O)c1cccc(N(C(=O)F)C(=O)F)c1,0.58,-0.161,0.126,-0.2982,-0.08793
O=C(O)c1cccc([Hg]OC(=O)C(F)(F)F)c1,0.5,-0.165,-0.419,-0.28048,-0.08348
O=C(O)c1cccc(C(=O)C(F)(F)F)c1,0.63,-0.176,-0.177,-0.29792,-0.11036
O=C(O)c1cccc(SC(=O)C(F)(F)F)c1,0.48,-0.169,-0.241,-0.28704,-0.08732
O=C(O)c1cccc(OC(=O)C(F)(F)F)c1,0.56,-0.16,0.257,-0.2877,-0.08536
O=C(O)c1cccc(N(C(=O)F)C(F)(F)F)c1,0.5,-0.163,0.118,-0.29895,-0.0885
O=C(O)c1ccc2c(c1)C(F)(F)OC2(F)F,0.81,-0.159,-0.107,-0.31034,-0.1006
O=C(O)c1cccc(C(F)(F)C(F)(F)F)c1,0.47,-0.169,-0.148,-0.29363,-0.08356
O=C(O)c1cccc(OC(F)(F)C(F)(F)F)c1,0.48,-0.161,0.265,-0.28423,-0.08109
O=C(O)c1cccc(S(=O)(=O)C(F)(F)C(F)(F)F)c1,0.92,-0.167,-0.338,-0.3065,-0.09746
O=C(O)c1cccc(SC(F)(F)C(F)(F)F)c1,0.44,-0.17,-0.232,-0.28496,-0.08316
O=C(O)c1cccc(N(C(F)(F)F)C(F)(F)F)c1,0.4,-0.166,0.107,-0.29453,-0.0844
O=C(O)c1cccc(/S(=N/S(=O)(=O)C(F)(F)F)C(F)(F)F)c1,1.18,-0.156,-0.273,-0.30251,-0.10202
O=C(O)c1cccc(S(=O)(=NS(=O)(=O)C(F)(F)F)C(F)(F)F)c1,1.23,-0.162,-0.31,-0.31685,-0.10782
O=C(O)c1cccc(N(S(=O)(=O)C(F)(F)F)S(=O)(=O)C(F)(F)F)c1,0.61,-0.167,0.08,-0.29979,-0.09185
O=C(O)c1cccc(P(C(F)(F)F)C(F)(F)F)c1,0.6,-0.172,-0.404,-0.29583,-0.09082
N#CP(C#N)c1cccc(C(=O)O)c1,0.82,-0.168,-0.376,-0.30378,-0.1
C#Cc1cccc(C(=O)O)c1,0.21,-0.174,-0.131,-0.25452,-0.07296
O=C(O)c1cccc(OC(F)(F)C(F)Cl)c1,0.35,-0.164,0.263,-0.28281,-0.07734
O=C(O)c1cccc(NC(=O)C(F)(F)F)c1,0.3,-0.161,0.134,-0.26419,-0.08015
O=C(O)c1cccc(/C=N/S(=O)(=O)C(F)(F)F)c1,0.76,-0.166,-0.157,-0.29695,-0.1138
O=C(O)c1cccc(OC(F)(F)C(F)F)c1,0.34,-0.161,0.279,-0.28489,-0.07912
O=C(O)c1cccc(SC(F)(F)C(F)F)c1,0.38,-0.17,0.228,-0.28176,-0.0807
O=C(O)c1cccc(-n2nnnc2SS2=NN=NN2)c1,0.63,-0.163,0.135,-0.24967,-0.1415
C#CSc1cccc(C(=O)O)c1,0.26,-0.159,-0.192,-0.23348,-0.07227
O=C(O)c1cccc(S/C=C/Cl)c1,0.31,-0.163,-0.205,-0.23385,-0.07379
O=C(O)c1cccc([Se]/C=C/Cl)c1,0.28,-0.17,-0.241,-0.22961,-0.07136
O=C(O)c1cccc(CC(F)(F)F)c1,0.12,-0.169,-0.064,-0.27809,-0.07339
O=C(O)c1cccc(CS(=O)C(F)(F)F)c1,0.25,-0.172,-0.091,-0.26578,-0.07359
O=C(O)c1cccc(CS(=O)(=O)C(F)(F)F)c1,0.29,-0.168,-0.096,-0.28571,-0.0807
O=C(O)c1cccc(CSC(F)(F)F)c1,0.12,-0.169,-0.076,-0.27342,-0.07668
N#CCc1cccc(C(=O)O)c1,0.16,-0.166,-0.044,-0.27952,-0.07601
O=C(O)c1cccc(C=C[N+](=O)[O-])c1,0.32,-0.168,-0.104,-0.27699,-0.12051
O=C([O-])Cc1cccc(C(=O)O)c1,0.07,-0.2,-0.017,-0.06613,0.04269
N#CSCc1cccc(C(=O)O)c1,0.12,-0.168,-0.086,-0.27396,-0.0828
C=Cc1cccc(C(=O)O)c1,0.06,-0.174,-0.085,-0.24453,-0.07193
O=C(CCl)Nc1cccc(C(=O)O)c1,0.17,-0.164,0.141,-0.25164,-0.07109
CN(c1cccc(C(=O)O)c1)S(=O)(=O)C(F)(F)F,0.46,-0.167,0.121,-0.27275,-0.07995
CC(=O)O[Hg]c1cccc(C(=O)O)c1,0.39,-0.167,-0.425,-0.24045,-0.07548
CC(c1cccc(C(=O)O)c1)([N+](=O)[O-])[N+](=O)[O-],0.54,-0.165,-0.116,-0.29241,-0.11184
O=C(O)c1cccc(C2CO2)c1,0.05,-0.17,-0.085,-0.26227,-0.06746
C=COc1cccc(C(=O)O)c1,0.21,-0.16,0.301,-0.24063,-0.06981
CC(=O)c1cccc(C(=O)O)c1,0.38,-0.179,-0.16,-0.26911,-0.08439
CC(=O)Sc1cccc(C(=O)O)c1,0.39,-0.171,-0.232,-0.26611,-0.08199
CC(=O)Oc1cccc(C(=O)O)c1,0.39,-0.162,0.278,-0.27422,-0.08042
COC(=O)c1cccc(C(=O)O)c1,0.37,-0.179,-0.167,-0.28165,-0.0772
O=C(O)c1cccc(C2CS2)c1,0.04,-0.171,-0.069,-0.23917,-0.07118
C=CSc1cccc(C(=O)O)c1,0.26,-0.165,-0.207,-0.22707,-0.07032
C=C[Se]c1cccc(C(=O)O)c1,0.26,-0.174,-0.263,-0.22246,-0.07349
O=C(O)c1cccc(N2CC2)c1,-0.07,-0.165,0.151,-0.22725,-0.06173
O=C(O)c1cccc(C2CN2)c1,-0.06,-0.174,-0.064,-0.25233,-0.06185
CN1OC1c1cccc(C(=O)O)c1,0.09,-0.176,-0.106,-0.26587,-0.07074
COC(=O)Nc1cccc(C(=O)O)c1,-0.02,-0.161,0.151,-0.24191,-0.06853
CC(=O)Nc1cccc(C(=O)O)c1,0.21,-0.161,0.143,-0.24971,-0.07656
CNC(=O)c1cccc(C(=O)O)c1,0.35,-0.173,-0.138,-0.2633,-0.07386
CO/N=C/c1cccc(C(=O)O)c1,0.37,-0.175,-0.111,-0.24141,-0.07628
NC(=O)Cc1cccc(C(=O)O)c1,0.06,-0.171,-0.065,-0.2579,-0.07621
CC(=S)Nc1cccc(C(=O)O)c1,0.24,-0.161,0.133,-0.22115,-0.0814
CNC(=S)c1cccc(C(=O)O)c1,0.3,-0.172,-0.115,-0.21575,-0.07511
NC(=S)N/N=C/c1cccc(C(=O)O)c1,0.45,-0.171,-0.118,-0.22595,-0.08878
O=C(O)c1cccc(OCC[O-])c1,-0.12,-0.176,0.342,-0.00329,0.02918
CCc1cccc(C(=O)O)c1,-0.07,-0.173,-0.038,-0.26056,-0.06243
NNC(=O)N/N=C/c1cccc(C(=O)O)c1,0.22,-0.175,-0.107,-0.23498,-0.07693
CCOc1cccc(C(=O)O)c1,0.1,-0.163,0.316,-0.23809,-0.06066
CC(O)c1cccc(C(=O)O)c1,0.08,-0.175,-0.06,-0.26053,-0.06159
COCc1cccc(C(=O)O)c1,0.08,-0.173,-0.065,-0.2577,-0.0607
CCS(=O)(=O)c1cccc(C(=O)O)c1,0.66,-0.17,-0.321,-0.29349,-0.08439
CCSc1cccc(C(=O)O)c1,0.18,-0.163,-0.196,-0.22342,-0.06591
CN(C)P(Cl)c1cccc(C(=O)O)c1,0.38,-0.175,-0.402,-0.25383,-0.0734
N[C+](N)SCc1cccc(C(=O)O)c1,0.13,-0.154,-0.112,-0.37806,-0.20343
C[Si](C)(Cl)c1cccc(C(=O)O)c1,0.16,-0.179,-0.528,-0.27474,-0.06976
C[Si](C)(F)c1cccc(C(=O)O)c1,0.12,-0.18,-0.545,-0.27249,-0.06795
CCNc1cccc(C(=O)O)c1,-0.24,-0.162,0.171,-0.21162,-0.05549
CN(C)c1cccc(C(=O)O)c1,-0.16,-0.16,0.179,-0.20603,-0.05485
CN(c1cccc(C(=O)O)c1)S(C)(=O)=O,0.21,-0.17,0.122,-0.25427,-0.07412
CN(C)S(=O)(=O)c1cccc(C(=O)O)c1,0.51,-0.171,-0.318,-0.26414,-0.08311
CS(=O)(=O)N(c1cccc(C(=O)O)c1)S(C)(=O)=O,0.47,-0.175,0.085,-0.28497,-0.08094
CN(C)Sc1cccc(C(=O)O)c1,0.12,-0.164,-0.206,-0.22621,-0.06311
CN(C)/N=N\c1cccc(C(=O)O)c1,-0.05,-0.172,0.1,-0.22154,-0.05746
Cn1c2ccc(C(=O)O)cc2n[n+]1C,1.17,-0.094,0.134,-0.41017,-0.25244
CP(C)(=O)c1cccc(C(=O)O)c1,0.43,-0.172,-0.437,-0.27171,-0.07417
COP(=O)(OC)c1cccc(C(=O)O)c1,0.42,-0.177,-0.437,-0.27966,-0.07134
CP(C)c1cccc(C(=O)O)c1,0.03,-0.178,-0.359,-0.23997,-0.06664
C[S+](C)c1cccc(C(=O)O)c1,1.0,-0.141,-0.252,-0.4095,-0.21319
Cc1ccc(S(=O)(=O)S(C)(C)c2cccc(C(=O)O)c2)cc1,1.06,-0.16,-0.22,-0.18274,-0.08072
[NH3+]CCc1cccc(C(=O)O)c1,0.23,-0.145,-0.106,-0.39439,-0.19374
C[SiH](C)c1cccc(C(=O)O)c1,0.01,-0.18,-0.488,-0.26695,-0.06464
O=C(O)c1cccc(C#CC(F)(F)F)c1,0.41,-0.171,-0.152,-0.27604,-0.08773
O=C(O)c1cccc(/C(F)=C(\F)C(F)(F)F)c1,0.39,-0.17,-0.143,-0.27131,-0.09108
O=C(O)c1cccc(N=C(C(F)(F)F)C(F)(F)F)c1,0.29,-0.165,-0.095,-0.2713,-0.10939
O=C(O)c1cccc(C(F)(F)C(F)(F)C(F)(F)F)c1,0.44,-0.169,-0.151,-0.29553,-0.08395
O=C(O)c1cccc(C(F)(C(F)(F)F)C(F)(F)F)c1,0.37,-0.164,-0.117,-0.29436,-0.08326
O=C(O)c1cccc(S(=O)(=O)C(F)(F)C(F)(F)C(F)(F)F)c1,0.92,-0.166,-0.343,-0.30866,-0.09846
O=C(O)c1cccc(S(=O)(=O)C(F)(C(F)(F)F)C(F)(F)F)c1,0.92,-0.168,-0.336,-0.30837,-0.09898
O=C(O)c1cccc(SC(F)(F)C(F)(F)C(F)(F)F)c1,0.45,-0.171,-0.232,-0.2818,-0.08333
O=C(O)c1cccc(SC(F)(C(F)(F)F)C(F)(F)F)c1,0.48,-0.171,-0.238,-0.2811,-0.08367
O=C(O)c1cccc([Te]C(F)(F)C(F)(F)C(F)(F)F)c1,0.46,-0.168,-0.381,-0.24923,-0.08379
O=C(O)c1cccc(C(O)(C(F)(F)F)C(F)(F)F)c1,0.29,-0.167,-0.091,-0.2867,-0.07603
O=C(O)c1cccc(C(SC(F)(F)F)SC(F)(F)F)c1,0.44,-0.165,-0.091,-0.27906,-0.08373
N#CC(C#N)c1cccc(C(=O)O)c1,0.53,-0.161,-0.045,-0.29941,-0.09052
O=C(O)c1cccc(/C=C\C(F)(F)F)c1,0.16,-0.17,-0.101,-0.26568,-0.07942
O=C(O)c1cccc(/C=C/C(F)(F)F)c1,0.24,-0.171,-0.095,-0.26626,-0.08878
O=C(O)c1cccc(/C=C/S(=O)(=O)C(F)(F)F)c1,0.31,-0.169,-0.1,-0.29114,-0.1146
N#C/C=C/c1cccc(C(=O)O)c1,0.24,-0.169,-0.092,-0.26993,-0.10325
CC#Cc1cccc(C(=O)O)c1,0.21,-0.175,-0.117,-0.24073,-0.06693
CN(C(=O)C(F)(F)F)c1cccc(C(=O)O)c1,0.41,-0.168,0.121,-0.28077,-0.08117
O=C/C=C/c1cccc(C(=O)O)c1,0.24,-0.173,-0.101,-0.26403,-0.10097
O=C(O)c1cccc(C2CC2)c1,-0.07,-0.17,-0.037,-0.24752,-0.06241
C=C(C)c1cccc(C(=O)O)c1,0.09,-0.173,-0.066,-0.24204,-0.06513
C/C=C/c1cccc(C(=O)O)c1,0.02,-0.173,-0.073,-0.23305,-0.06247
C=CCc1cccc(C(=O)O)c1,-0.11,-0.172,-0.039,-0.25908,-0.06381
CCC(c1cccc(C(=O)O)c1)([N+](=O)[O-])[N+](=O)[O-],0.56,-0.169,-0.107,-0.29314,-0.1125
C=CCOc1cccc(C(=O)O)c1,0.09,-0.163,0.315,-0.24001,-0.06193
CCC(=O)c1cccc(C(=O)O)c1,0.38,-0.17,-0.157,-0.26353,-0.08222
CCOC(=O)c1cccc(C(=O)O)c1,0.37,-0.18,-0.167,-0.28075,-0.07638
CC(=O)OCc1cccc(C(=O)O)c1,0.04,-0.17,-0.073,-0.27186,-0.07028
O=C(O)CCc1cccc(C(=O)O)c1,-0.03,-0.171,-0.041,-0.26696,-0.06744
C=CCSc1cccc(C(=O)O)c1,0.19,-0.165,-0.2,-0.22714,-0.06716
C=CC[Se]c1cccc(C(=O)O)c1,0.21,-0.175,-0.252,-0.22683,-0.06931
O=C(O)c1ccc2c(c1)CCC2,-0.26,-0.178,-0.022,-0.25271,-0.05783
CC(=O)N(C)c1cccc(C(=O)O)c1,0.31,-0.169,0.142,-0.25616,-0.07833
CC(=O)NCc1cccc(C(=O)O)c1,0.05,-0.169,-0.068,-0.2558,-0.07331
CCOC(=O)Nc1cccc(C(=O)O)c1,0.11,-0.164,0.15,-0.24057,-0.06528
CC(C)(c1cccc(C(=O)O)c1)[N+](=O)[O-],0.18,-0.166,-0.063,-0.27859,-0.08361
O=C(O)c1ccc2c(c1)OCCCO2,0.0,-0.184,0.265,-0.24425,-0.05866
CC(C)c1cccc(C(=O)O)c1,-0.04,-0.172,-0.03,-0.2605,-0.06253
CCCc1cccc(C(=O)O)c1,-0.06,-0.173,-0.035,-0.25961,-0.06212
Cn1c[n+](C)c2cc(C(=O)O)ccc21,1.11,-0.133,0.143,-0.40639,-0.21502
CCNC(=O)Nc1cccc(C(=O)O)c1,0.04,-0.161,0.146,-0.24007,-0.07043
CCNC(=S)Nc1cccc(C(=O)O)c1,0.3,-0.159,0.131,-0.21526,-0.07999
CC(C)Oc1cccc(C(=O)O)c1,0.1,-0.16,0.32,-0.23578,-0.0621
CCCOc1cccc(C(=O)O)c1,0.1,-0.16,0.316,-0.23796,-0.06261
CC(O)Cc1cccc(C(=O)O)c1,-0.12,-0.177,-0.042,-0.25778,-0.059
CC(C)(OO)c1cccc(C(=O)O)c1,0.06,-0.173,-0.054,-0.26764,-0.06577
CC(C)Sc1cccc(C(=O)O)c1,0.23,-0.176,-0.219,-0.23606,-0.06959
CN(C)Cc1cccc(C(=O)O)c1,0.0,-0.174,-0.059,-0.22746,-0.06321
C[Ge](C)(C)c1cccc(C(=O)O)c1,0.0,-0.179,-0.45,-0.26363,-0.06334
C[N+](C)(C)c1cccc(C(=O)O)c1,0.88,-0.133,0.118,-0.40929,-0.1969
C[NH+](C)Cc1cccc(C(=O)O)c1,0.4,-0.151,-0.132,-0.39721,-0.18738
CO[Si](C)(C)c1cccc(C(=O)O)c1,0.04,-0.181,-0.528,-0.26416,-0.06091
C[Si](C)(C)Oc1cccc(C(=O)O)c1,0.13,-0.166,0.313,-0.2459,-0.06248
CO[Si](C)(OC)c1cccc(C(=O)O)c1,0.04,-0.184,-0.549,-0.26539,-0.06009
CO[Si](OC)(OC)c1cccc(C(=O)O)c1,0.09,-0.181,-0.576,-0.26937,-0.06494
C[P+](C)(C)c1cccc(C(=O)O)c1,0.74,-0.146,-0.438,-0.40515,-0.1953
C[Si](C)(C)c1cccc(C(=O)O)c1,-0.04,-0.18,-0.495,-0.26516,-0.06354
C[Sn](C)(C)c1cccc(C(=O)O)c1,0.0,-0.175,-0.517,-0.25491,-0.05412
O=C(O)c1cccc(I(OC(=O)C(F)(F)F)OC(=O)C(F)(F)F)c1,1.28,-0.156,-0.231,-0.28717,-0.12241
O=C(O)c1cccc(C2(F)C(F)(F)C(F)(F)C2(F)F)c1,0.48,-0.168,-0.116,-0.2951,-0.08595
O=C(O)c1cccc(C(=O)C(F)(F)C(F)(F)C(F)(F)F)c1,0.63,-0.174,-0.175,-0.29787,-0.11262
O=C(O)c1cccc(C(C(F)(F)F)(C(F)(F)F)C(F)(F)F)c1,0.55,-0.171,-0.085,-0.29267,-0.08319
O=C(O)c1cccc(C(F)(F)C(F)(F)C(F)(F)C(F)(F)F)c1,0.47,-0.169,-0.148,-0.29419,-0.08426
O=C(O)c1cccc(S(=O)(=O)C(C(F)(F)F)(C(F)(F)F)C(F)(F)F)c1,0.96,-0.167,-0.333,-0.30806,-0.10137
O=C(O)c1cccc(SC(C(F)(F)F)(C(F)(F)F)C(F)(F)F)c1,0.51,-0.172,-0.0238,-0.28382,-0.08592
O=C(O)c1cccc(C(SC(F)(F)F)(SC(F)(F)F)SC(F)(F)F)c1,0.51,-0.168,-0.122,-0.28594,-0.08646
O=C(O)c1cccc([Se]C(C(F)(F)F)(C(F)(F)F)C(F)(F)F)c1,0.49,-0.171,-0.274,-0.26732,-0.08658
N#CC(C#N)(C#N)c1cccc(C(=O)O)c1,0.97,-0.154,-0.042,-0.30799,-0.09898
O=C(O)c1cccc(C2(O)C(F)(F)C(F)(F)C2(F)F)c1,0.36,-0.167,-0.097,-0.2893,-0.08113
N#CC(C#N)=Cc1cccc(C(=O)O)c1,0.66,-0.174,-0.12,-0.27965,-0.12737
O=C(O)c1cccc(-c2ccc(Br)o2)c1,0.15,-0.169,-0.106,-0.22332,-0.07117
O=C(O)c1cccc(N2C(=O)C=CC2=O)c1,0.33,-0.168,0.138,-0.26454,-0.11833
O=C(O)c1cccc(N2C(=O)CC(Cl)C2=O)c1,0.47,-0.168,0.13,-0.27467,-0.0762
O=C(O)c1cccc(-c2cccnn2)c1,0.28,-0.172,-0.084,-0.24586,-0.07531
O=C(O)c1ccc2ccccc2c1,0.04,-0.183,-0.063,-0.2366,-0.07475
CC(C#N)(C#N)c1cccc(C(=O)O)c1,0.6,-0.161,-0.036,-0.29265,-0.0847
O=C(O)c1cccc(-c2ccncn2)c1,0.3,-0.173,-0.092,-0.26633,-0.08263
O=C(O)c1cccc(-c2ncccn2)c1,0.23,-0.18,-0.107,-0.25672,-0.07454
O=C(O)c1cccc(-c2cncnc2)c1,0.28,-0.168,-0.066,-0.26255,-0.07881
O=C(O)c1cccc(-c2ccco2)c1,0.06,-0.172,-0.102,-0.22267,-0.06715
O=C(O)c1cccc(-c2cccs2)c1,0.09,-0.17,-0.073,-0.22924,-0.06975
O=C(O)c1cccc(-c2ccsc2)c1,0.03,-0.171,-0.051,-0.23554,-0.06666
O=C(O)c1cccc(-c2ccc[se]2)c1,0.06,-0.169,-0.081,-0.2261,-0.07134
O=C(O)c1cccc(-c2ccc[te]2)c1,0.06,-0.167,-0.071,-0.21816,-0.06144
O=C(O)c1cccc(-n2cccc2)c1,0.47,-0.162,0.163,-0.22561,-0.07279
O=C(O)c1cccc(N2C(=O)CCC2=O)c1,0.34,-0.169,0.135,-0.26705,-0.06956
CC(=O)/C=C/c1cccc(C(=O)O)c1,0.21,-0.179,-0.081,-0.25874,-0.09514
CC(=O)N(C(C)=O)c1cccc(C(=O)O)c1,0.35,-0.167,0.14,-0.27524,-0.07718
O=C(O)c1cccc(C2CCC2)c1,-0.05,-0.172,-0.034,-0.25637,-0.06152
CC(C)C(=O)c1cccc(C(=O)O)c1,0.38,-0.176,-0.154,-0.26246,-0.08123
O=C(O)c1ccc2c(c1)CCCC2,-0.48,-0.179,-0.023,-0.25234,-0.05745
CC(C)C(=O)Nc1cccc(C(=O)O)c1,0.11,-0.163,0.141,-0.25051,-0.07622
CC(C)(C)c1cccc(C(=O)O)c1,-0.1,-0.172,-0.021,-0.26011,-0.06178
CCC(C)c1cccc(C(=O)O)c1,-0.08,-0.172,-0.027,-0.25964,-0.06219
CC(C)Cc1cccc(C(=O)O)c1,-0.07,-0.173,-0.037,-0.25923,-0.06208
CCCCc1cccc(C(=O)O)c1,-0.08,-0.173,-0.035,-0.2591,-0.06196
CCCCOc1cccc(C(=O)O)c1,0.1,-0.16,0.317,-0.23782,-0.0624
CC(C)(O)Cc1cccc(C(=O)O)c1,-0.16,-0.178,-0.044,-0.25736,-0.05919
COC(OC)(OC)c1cccc(C(=O)O)c1,-0.03,-0.178,-0.106,-0.26679,-0.06469
CC[As](CC)c1cccc(C(=O)O)c1,0.22,-0.174,-0.352,-0.22921,-0.0643
CC[As](=O)(CC)c1cccc(C(=O)O)c1,0.57,-0.17,-0.417,-0.24452,-0.0738
CC[As](=S)(CC)c1cccc(C(=O)O)c1,0.52,-0.169,-0.4,-0.21352,-0.0757
CCCCNc1cccc(C(=O)O)c1,-0.34,-0.162,0.171,-0.21062,-0.05493
CCN(CC)c1cccc(C(=O)O)c1,-0.23,-0.159,0.188,-0.20078,-0.05358
CCP(=O)(CC)c1cccc(C(=O)O)c1,0.37,-0.178,-0.43,-0.26467,-0.07292
CCOP(=O)(/N=N\c1cccc(C(=O)O)c1)OCC,0.16,-0.179,0.063,-0.24921,-0.10802
CCOP(=O)(OCC)c1cccc(C(=O)O)c1,0.55,-0.179,-0.473,-0.27961,-0.07208
CCP(CC)c1cccc(C(=O)O)c1,0.1,-0.177,-0.354,-0.23518,-0.06718
CCP(=S)(CC)c1cccc(C(=O)O)c1,0.39,-0.178,-0.403,-0.22356,-0.07493
C[N+](C)(C)Cc1cccc(C(=O)O)c1,0.4,-0.152,-0.128,-0.3946,-0.18282
C[NH+](C)CCc1cccc(C(=O)O)c1,0.24,-0.153,-0.074,-0.37218,-0.17117
C[Si](C)(C)OCc1cccc(C(=O)O)c1,-0.04,-0.174,-0.063,-0.25587,-0.0593
C[Si](C)(C)Cc1cccc(C(=O)O)c1,-0.16,-0.171,-0.032,-0.24595,-0.06064
CN(C)P(=O)(c1cccc(C(=O)O)c1)N(C)C,0.3,-0.181,-0.458,-0.24193,-0.07067
CN(C)P(c1cccc(C(=O)O)c1)N(C)C,0.18,-0.179,-0.396,-0.20852,-0.06601
N#CC(C#N)=C(C#N)c1cccc(C(=O)O)c1,0.77,-0.163,-0.095,-0.29547,-0.1529
N#Cc1ccc(-c2cccc(C(=O)O)c2)o1,0.25,-0.167,-0.092,-0.243489,-0.0861
O=Cc1ccc(-c2cccc(C(=O)O)c2)o1,0.22,-0.178,-0.117,-0.24153,-0.09215
O=C(O)c1cccc(-c2ccccn2)c1,0.33,-0.176,-0.079,-0.24736,-0.06912
O=C(O)c1cccc(-c2cccnc2)c1,0.23,-0.17,-0.059,-0.25311,-0.07236
O=C(O)c1cccc(-c2ccncc2)c1,0.27,-0.17,-0.063,-0.26344,-0.07581
Cc1nc(C)nc(-c2cccc(C(=O)O)c2)n1,0.25,-0.185,-0.098,-0.26846,-0.08261
O=C(O)c1cccc(C2=CCCC2)c1,-0.06,-0.18,-0.17,-0.22854,-0.06533
CCOC(=O)/C=C/c1cccc(C(=O)O)c1,0.19,-0.18,-0.102,-0.25567,-0.08912
O=C(O)c1cccc(C2CCCC2)c1,-0.05,-0.173,-0.027,-0.25621,-0.0609
CC(C)(C)C(=O)c1cccc(C(=O)O)c1,0.27,-0.177,-0.149,-0.25931,-0.07806
CCCCOC(=O)Nc1cccc(C(=O)O)c1,0.06,-0.158,0.15,-0.23907,-0.06303
CCC(C)(C)c1cccc(C(=O)O)c1,-0.06,-0.174,-0.017,-0.25831,-0.06024
CC(C)(C)Cc1cccc(C(=O)O)c1,-0.05,-0.174,-0.037,-0.25895,-0.06216
CCCCCc1cccc(C(=O)O)c1,-0.08,-0.173,-0.035,-0.25892,-0.06191
CCCCCOc1cccc(C(=O)O)c1,0.1,-0.16,0.317,-0.23769,-0.06231
CCOP(=O)(Cc1cccc(C(=O)O)c1)OCC,0.12,-0.17,-0.055,-0.26016,-0.06254
C[N+](C)(C)CCc1cccc(C(=O)O)c1,0.16,-0.154,-0.072,-0.37031,-0.15952
C[Si](C)(C)CCc1cccc(C(=O)O)c1,-0.16,-0.172,-0.034,-0.25574,-0.06152
C[Si](C)(C)O[Si](C)(C)c1cccc(C(=O)O)c1,0.0,-0.181,-0.523,-0.26406,-0.06278
O=C(O)c1cccc(-c2c(Cl)c(Cl)c(Cl)c(Cl)c2Cl)c1,0.25,-0.168,-0.054,-0.26746,-0.0752
O=C(O)c1cccc(-c2c(F)c(F)c(F)c(F)c2F)c1,0.26,-0.17,-0.072,-0.27077,-0.079
O=C(O)c1cccc(P(=O)(C(F)(F)C(F)(F)C(F)(F)F)C(F)(F)C(F)(F)C(F)(F)F)c1,0.95,-0.169,-0.471,-0.30482,-0.09368
O=C(O)c1cccc(OP(=O)(C(F)(F)C(F)(F)C(F)(F)F)C(F)(F)C(F)(F)C(F)(F)F)c1,0.66,-0.157,0.293,-0.29766,-0.08942
O=C(O)c1cccc(NP(=O)(C(F)(F)C(F)(F)C(F)(F)F)C(F)(F)C(F)(F)C(F)(F)F)c1,0.28,-0.16,0.153,-0.27306,-0.08352
O=C(O)c1cccc(-c2c([N+](=O)[O-])cc([N+](=O)[O-])cc2[N+](=O)[O-])c1,0.26,-0.159,-0.088,-0.29164,-0.14564
O=C(O)c1cccc(-c2cccc(Br)c2)c1,0.09,-0.17,-0.056,-0.24862,-0.07137
O=C(O)c1cccc(-c2ccc(Br)cc2)c1,0.15,-0.17,-0.056,-0.24265,-0.07149
O=C(O)c1cccc(-c2cccc(Cl)c2)c1,0.15,-0.17,-0.056,-0.24979,-0.07135
O=C(O)c1cccc(-c2ccc(Cl)cc2)c1,0.15,-0.17,-0.055,-0.24397,-0.07137
O=C(O)c1cccc(-c2cccc(F)c2)c1,0.15,-0.17,-0.057,-0.25019,-0.07136
O=C(O)c1cccc(-c2ccc(F)cc2)c1,0.12,-0.17,-0.053,-0.24422,-0.06993
O=C(O)c1cccc(Oc2ccc(F)cc2)c1,-0.08,-0.161,0.3,-0.24206,-0.06985
O=C(O)c1cccc(-c2cccc(I)c2)c1,0.13,-0.166,-0.052,-0.2393,-0.06318
O=C(O)c1cccc(-c2ccc(I)cc2)c1,0.14,-0.167,-0.052,-0.23363,-0.06376
O=C(O)c1cccc(-c2cccc([N+](=O)[O-])c2)c1,0.21,-0.168,-0.045,-0.26381,-0.10958
O=C(O)c1cccc(-c2ccc([N+](=O)[O-])cc2)c1,0.25,-0.168,-0.065,-0.26709,-0.11063
O=C(O)c1cccc(Sc2ccc([N+](=O)[O-])cc2)c1,0.32,-0.17,-0.232,-0.25068,-0.1047
O=C(O)c1cccc(S(=O)c2ccc([N+](=O)[O-])cc2)c1,0.58,-0.166,-0.264,-0.26567,-0.11882
O=C(O)c1cccc(-n2nc3ccccc3n2)c1,0.49,-0.172,0.128,-0.24376,-0.08518
O=C(O)c1cccc(-c2ccccc2)c1,0.06,-0.172,-0.052,-0.2425,-0.06651
O=C(O)c1cccc(/[N+]([O-])=N/S(=O)(=O)c2ccccc2)c1,0.69,-0.166,0.084,-0.27993,-0.11803
O=C(O)c1cccc(/N=N/c2ccccc2)c1,0.32,-0.179,0.081,-0.24461,-0.10155
O=C(O)c1cccc(Oc2ccccc2)c1,0.25,-0.162,0.299,-0.23768,-0.06752
O=C(O)c1cccc(S(=O)c2ccccc2)c1,0.5,-0.163,-0.253,-0.25066,-0.078
CC(=O)c1ccc(-c2cccc(C(=O)O)c2)o1,0.24,-0.172,-0.082,-0.24161,-0.08856
CC1=CC=CC(c2cccc(C(=O)O)c2)O1,0.38,-0.175,-0.068,-0.21898,-0.06774
O=C(O)c1cccc(S(=O)(=O)c2ccccc2)c1,0.62,-0.17,-0.311,-0.27882,-0.08325
O=C(O)c1cccc(OS(=O)(=O)c2ccccc2)c1,0.36,-0.166,0.262,-0.27332,-0.07516
O=C(O)c1cccc(Sc2ccccc2)c1,0.23,-0.165,-0.191,-0.22745,-0.06434
O=C(O)c1cccc(Nc2ccccc2)c1,-0.02,-0.159,0.162,-0.26636,-0.06267
O=C(O)c1cccc(NS(=O)(=O)c2ccccc2)c1,0.16,-0.165,0.118,-0.25551,-0.07451
O=C(O)c1cccc(S(=O)(=O)Nc2ccccc2)c1,0.56,-0.171,-0.322,-0.25664,-0.08237
CCc1ccc(-c2cccc(C(=O)O)c2)o1,0.09,-0.177,-0.077,-0.21329,-0.06499
Cc1ccc(C)n1-c1cccc(C(=O)O)c1,0.49,-0.17,0.15,-0.1998,-0.0737
O=C(O)c1cccc(C2=CCCCC2)c1,-0.1,-0.173,-0.055,-0.2307,-0.06327
O=C(O)c1cccc(C2CCCCC2)c1,-0.05,-0.173,-0.024,-0.25659,-0.06074
CCCN(CCC)c1cccc(C(=O)O)c1,-0.26,-0.16,0.188,-0.20119,-0.05391
CN(C)CCCCc1cccc(C(=O)O)c1,-0.08,-0.172,-0.035,-0.21932,-0.06255
CC(C)P(=O)(c1cccc(C(=O)O)c1)C(C)C,0.37,-0.178,-0.433,-0.25958,-0.07246
CC(C)P(c1cccc(C(=O)O)c1)C(C)C,0.02,-0.179,-0.354,-0.23174,-0.0662
CCCOP(=O)(OCCC)c1cccc(C(=O)O)c1,0.38,-0.177,-0.473,-0.27918,-0.07257
CC[Ge](CC)(CC)c1cccc(C(=O)O)c1,0.0,-0.178,-0.456,-0.25825,-0.06327
C[N+](C)(C)CCCc1cccc(C(=O)O)c1,0.06,-0.159,-0.062,-0.35279,-0.14919
CCO[Si](OCC)(OCC)c1cccc(C(=O)O)c1,0.02,-0.181,-0.568,-0.27377,-0.06575
CC[P+](CC)(CC)c1cccc(C(=O)O)c1,0.99,-0.158,-0.434,-0.40114,-0.19142
CC[Sn](CC)(CC)c1cccc(C(=O)O)c1,0.0,-0.175,-0.523,-0.24662,-0.05394
O=C(O)c1cccc(P(=NS(=O)(=O)C(F)(F)F)(C(F)(F)C(F)(F)C(F)(F)F)C(F)(F)C(F)(F)C(F)(F)F)c1,1.24,-0.166,-0.465,-0.3005,-0.10407
CN(C)[Si](c1cccc(C(=O)O)c1)(N(C)C)N(C)C,-0.04,-0.181,-0.534,-0.21949,-0.06398
O=C(O)c1cccc(-c2nc3ccccc3o2)c1,0.3,-0.187,-0.117,-0.23856,-0.07893
O=C(O)c1cccc(-c2nc3ccccc3s2)c1,0.27,-0.184,-0.096,-0.23906,-0.0806
O=C(O)c1cccc(C(=O)c2ccccc2)c1,0.34,-0.176,-0.146,-0.26241,-0.08419
O=C(O)c1cccc(OC(=O)c2ccccc2)c1,0.21,-0.16,0.3,-0.26852,-0.08164
O=C(O)c1cccc(C(=O)Oc2ccccc2)c1,0.37,-0.177,-0.171,-0.25698,-0.08025
O=C(O)c1cccc(/N=C/c2ccccc2)c1,-0.08,-0.171,0.119,-0.23785,-0.07814
O=C(O)c1cccc(/C=N/c2ccccc2)c1,0.35,-0.178,-0.121,-0.23401,-0.08342
O=C(O)c1cccc(NC(=O)c2ccccc2)c1,0.02,-0.163,0.137,-0.24834,-0.07389
O=C(O)c1cccc(C(=O)Nc2ccccc2)c1,0.23,-0.174,-0.118,-0.23676,-0.08373
Cc1ccc(-c2cccc(C(=O)O)c2)cc1,0.06,-0.178,-0.036,-0.23477,-0.06467
O=C(O)c1cccc(Cc2ccccc2)c1,-0.08,-0.172,-0.037,-0.25038,-0.0646
Cc1ccc(O)c(/N=N/c2cccc(C(=O)O)c2)c1,0.27,-0.181,0.084,-0.22844,-0.09623
COc1ccc(-c2cccc(C(=O)O)c2)cc1,0.05,-0.178,-0.048,-0.22224,-0.06344
O=C(O)c1cccc(C(O)c2ccccc2)c1,0.0,-0.173,-0.047,-0.26015,-0.06232
O=C(O)c1cccc(COc2ccccc2)c1,0.06,-0.183,-0.07,-0.23422,-0.0652
O=C(O)c1cccc(CS(=O)(=O)c2ccccc2)c1,0.15,-0.174,-0.077,-0.27839,-0.07756
CCC(CC)(CC)c1cccc(C(=O)O)c1,-0.07,-0.174,-0.018,-0.25795,-0.06031
CCCCCCCc1cccc(C(=O)O)c1,-0.07,-0.172,-0.025,-0.26822,-0.06365
C[Si](C)(C)O[Si](C)(O[Si](C)(C)C)c1cccc(C(=O)O)c1,-0.02,-0.183,-0.548,-0.2641,-0.06064
O=C(O)c1cccc(C(F)(F)C(F)(F)c2ccc(F)cc2)c1,0.34,-0.172,-0.142,-0.27799,-0.07981
O=C(O)c1cccc(C#Cc2ccccc2)c1,0.14,-0.187,-0.129,-0.22777,-0.07317
O=C(O)c1cccc(/C=N/C(=O)c2ccccc2)c1,0.39,-0.184,-0.14,-0.26308,-0.10063
O=C(O)c1cccc(C=Cc2ccccc2)c1,0.03,-0.174,-0.085,-0.22082,-0.07664
O=C(O)c1cccc(/C=N/NC(=O)c2ccccc2)c1,0.39,-0.173,-0.114,-0.23907,-0.08167
COc1ccc(/C=N/c2cccc(C(=O)O)c2)cc1,-0.07,-0.172,0.121,-0.22481,-0.07081
COc1ccc(C(=O)Nc2cccc(C(=O)O)c2)cc1,0.09,-0.163,0.138,-0.23505,-0.07119
Cc1ccc(S(=O)(=O)/N=C/Sc2cccc(C(=O)O)c2)cc1,0.65,-0.167,-0.227,-0.26479,-0.0884
CCc1ccc(-c2cccc(C(=O)O)c2)cc1,0.07,-0.178,-0.038,-0.23495,-0.06472
O=C(O)c1cccc(CCc2ccccc2)c1,-0.07,-0.172,-0.039,-0.24887,-0.06408
C/C(=N\c1cccc(C(=O)O)c1)Nc1ccccc1,0.29,-0.171,0.135,-0.21614,-0.05946
C[Si](C)(c1ccccc1)c1cccc(C(=O)O)c1,0.04,-0.181,-0.503,-0.25649,-0.06365
Cc1ccc(S(=O)(=O)/N=S(\C)c2cccc(C(=O)O)c2)cc1,0.65,-0.16,-0.241,-0.24303,-0.08826
Cc1cc(C)[n+](-c2cccc(C(=O)O)c2)c(C)c1,0.62,-0.143,0.098,-0.39863,-0.21696
CC(C)(C)P(=O)(c1cccc(C(=O)O)c1)C(C)(C)C,0.31,-0.167,-0.0399,-0.257,-0.07633
CCCCP(=O)(CCCC)c1cccc(C(=O)O)c1,0.35,-0.173,-0.441,-0.26051,-0.07311
CCCCOP(=O)(OCCCC)c1cccc(C(=O)O)c1,0.41,-0.176,-0.457,-0.28179,-0.07435
CC(C)(C)P(c1cccc(C(=O)O)c1)C(C)(C)C,0.01,-0.173,-0.43,-0.25444,-0.07075
O=C(O)c1cccc(/C=C/C(=O)c2ccc([N+](=O)[O-])cc2)c1,0.15,-0.17,-0.108,-0.26686,-0.12142
O=C(O)c1cccc(/C=C/C(=O)c2ccccc2)c1,0.18,-0.178,-0.072,-0.25931,-0.09996
CC(C)c1ccc(-c2cccc(C(=O)O)c2)cc1,0.08,-0.178,-0.036,-0.23483,-0.06465
C[Si](C)(C)O[Si](O[Si](C)(C)C)(O[Si](C)(C)C)c1cccc(C(=O)O)c1,-0.09,-0.182,-0.543,-0.27237,-0.06458
CC(C)(C)c1ccc(-c2cccc(C(=O)O)c2)cc1,0.07,-0.172,-0.036,-0.23452,-0.06454
O=C(O)c1cccc(C23CC4CC(CC(C4)C2)C3)c1,-0.12,-0.172,-0.022,-0.25619,-0.06133
O=C(O)c1cccc([As](c2ccccc2)c2ccccc2)c1,0.03,-0.175,-0.347,-0.23817,-0.06873
O=C(O)c1cccc([As](=O)(c2ccccc2)c2ccccc2)c1,0.54,-0.176,-0.411,-0.2527,-0.07416
O=C(O)c1cccc(N(c2ccccc2)c2ccccc2)c1,0.0,-0.167,-0.157,-0.20048,-0.06456
O=C(O)c1cccc(P(=O)(c2ccccc2)c2ccccc2)c1,0.38,-0.172,-0.424,-0.27323,-0.07383
O=C(O)c1cccc(P(c2ccccc2)c2ccccc2)c1,0.11,-0.176,-0.36,-0.22771,-0.06658
O=C(O)c1cccc(P(=S)(c2ccccc2)c2ccccc2)c1,0.29,-0.176,-0.403,-0.22651,-0.07527
CCCN(CCC)P(c1cccc(F)c1)c1cccc(C(=O)O)c1,0.2,-0.177,-0.376,-0.20303,-0.06763
O=C(O)c1cccc(-c2cc(=O)c3ccc4ccccc4c3o2)c1,0.37,-0.169,-0.09,-0.23657,-0.08722
O=C(O)c1cccc(-c2cc(=O)c3c(ccc4ccccc43)o2)c1,0.38,-0.17,-0.091,-0.23703,-0.08719
O=C(O)c1cccc(-c2nc3ccccc3n2-c2ccccc2)c1,0.17,-0.175,-0.088,-0.22732,-0.06897
O=C(O)c1cccc(C(c2ccccc2)c2ccccc2)c1,-0.03,-0.172,-0.03,-0.24541,-0.06397
CN1c2ccccc2[As](c2cccc(C(=O)O)c2)c2ccccc21,0.12,-0.177,-0.348,-0.20753,-0.06496
Cc1ccc(P(=O)(c2ccccc2)c2cccc(C(=O)O)c2)cc1,0.13,-0.173,-0.431,-0.25938,-0.0707
O=C(O)c1cccc(CP(=O)(c2ccccc2)c2ccccc2)c1,0.14,-0.175,-0.058,-0.25527,-0.06254
Cc1ccc(P(=S)(c2ccccc2)c2cccc(C(=O)O)c2)cc1,0.09,-0.177,-0.402,-0.22428,-0.07415
C[P+](c1ccccc1)(c1ccccc1)c1cccc(C(=O)O)c1,1.13,-0.153,-0.436,-0.28913,-0.18287
C[Si](c1ccccc1)(c1ccccc1)c1cccc(C(=O)O)c1,0.1,-0.18,-0.511,-0.25611,-0.06447
O=C(O)c1cccc(C(=O)OC(c2ccccc2)c2ccccc2)c1,0.36,-0.18,-0.167,-0.25154,-0.07562
Cc1ccc(P(=O)(c2ccc(C)cc2)c2cccc(C(=O)O)c2)cc1,0.17,-0.179,-0.428,-0.25579,-0.07062
Cc1ccc(P(=S)(c2ccc(C)cc2)c2cccc(C(=O)O)c2)cc1,0.2,-0.177,-0.401,-0.22223,-0.07285
Cc1ccc([P+](C)(c2ccccc2)c2cccc(C(=O)O)c2)cc1,1.09,-0.154,-0.434,-0.38009,-0.18446
Cc1ccc([P+](C)(c2ccc(C)cc2)c2cccc(C(=O)O)c2)cc1,1.13,-0.154,-0.433,-0.37586,-0.17819
O=C(O)c1cccc([Ge](c2ccccc2)(c2ccccc2)c2ccccc2)c1,0.05,-0.18,-0.453,-0.2563,-0.06373
Cc1cc(-c2ccccc2)cc(-c2ccccc2)[n+]1-c1cccc(C(=O)O)c1,0.65,-0.145,-0.122,-0.36652,-0.21554
O=C(O)c1cccc(N=P(c2ccccc2)(c2ccccc2)c2ccccc2)c1,-0.33,-0.179,0.156,-0.19457,-0.05636
O=C(O)c1cccc([Si](c2ccccc2)(c2ccccc2)c2ccccc2)c1,-0.03,-0.182,-0.513,-0.25638,-0.06377
O=C(O)c1cccc([Sn](c2ccccc2)(c2ccccc2)c2ccccc2)c1,0.53,-0.174,-0.532,-0.24834,-0.05579
O=C(O)c1cccc(C(c2ccccc2)(c2ccccc2)c2ccccc2)c1,-0.01,-0.187,-0.027,-0.24403,-0.06253
O=C(O)c1cccc(-[n+]2c(-c3ccccc3)cc(-c3ccccc3)cc2-c2ccccc2)c1,0.34,-0.154,0.112,-0.3626,-0.21299
O=C(O)c1ccc(B(F)F)cc1,0.48,-0.148,-0.462,-0.28503,-0.09549
O=C(O)c1ccc(Br)cc1,0.23,-0.17,-0.106,-0.26583,-0.07525
O=C(O)c1ccc([Ge](Br)(Br)Br)cc1,0.73,-0.153,-0.487,-0.29256,-0.09384
O=C(O)c1ccc([Si](Br)(Br)Br)cc1,0.57,-0.157,-0.549,-0.2862,-0.08962
O=C(O)c1ccc(Cl)cc1,0.23,-0.18,-0.034,-0.2704,-0.07442
O=C(O)c1ccc([Hg]Cl)cc1,0.35,-0.167,-0.034,-0.28067,-0.07691
O=C(O)c1ccc(S(=O)(=O)Cl)cc1,1.11,-0.144,-0.295,-0.30711,-0.11788
O=C(O)c1ccc(SCl)cc1,0.48,-0.148,-0.223,-0.25568,-0.11528
O=C(O)c1ccc(I(Cl)Cl)cc1,1.11,-0.161,-0.173,-0.29182,-0.15658
O=C(O)c1ccc(P(=O)(Cl)Cl)cc1,0.9,-0.147,-0.44,-0.29909,-0.10282
O=C(O)c1ccc(P(Cl)Cl)cc1,0.61,-0.152,-0.397,-0.28436,-0.09988
O=C(O)c1ccc(P(=S)(Cl)Cl)cc1,0.8,-0.147,-0.408,-0.27564,-0.10516
O=C(O)c1ccc([Ge](Cl)(Cl)Cl)cc1,0.79,-0.153,-0.487,-0.296,-0.09634
O=C(O)c1ccc([Si](Cl)(Cl)Cl)cc1,0.56,-0.145,-0.576,-0.2941,-0.09722
O=C(O)c1ccc(F)cc1,0.06,-0.191,-0.433,-0.27434,-0.06835
O=C(O)c1ccc([Hg]F)cc1,0.33,-0.168,-0.414,-0.27776,-0.07268
O=C(O)c1ccc(S(=O)F)cc1,0.83,-0.151,0.283,-0.29172,-0.10406
O=C(O)c1ccc(S(=O)(=O)F)cc1,0.91,-0.143,-0.318,-0.30757,-0.10885
O=C(O)c1ccc(I(F)F)cc1,0.83,-0.164,-0.239,-0.27814,-0.08119
O=C(O)c1ccc(P(=O)(F)F)cc1,0.89,-0.144,-0.486,-0.30169,-0.10344
O=C(O)c1ccc(P(F)F)cc1,0.59,-0.151,-0.447,-0.29014,-0.09557
O=C(O)c1ccc([Ge](F)(F)F)cc1,0.97,-0.145,-0.605,-0.29763,-0.09622
O=C(O)c1ccc(S(F)(F)F)cc1,0.8,-0.142,-0.268,-0.30036,-0.114
O=C(O)c1ccc([Si](F)(F)F)cc1,0.69,-0.144,-0.635,-0.29409,-0.09432
O=C(O)c1ccc(I(F)(F)(F)F)cc1,1.15,-0.144,-0.322,-0.29885,-0.11701
O=C(O)c1ccc(P(F)(F)(F)F)cc1,0.8,-0.136,-0.481,-0.29879,-0.10676
O=C(O)c1ccc(S(F)(F)(F)(F)F)cc1,0.68,-0.153,-0.219,-0.30178,-0.09675
O=C(O)c1ccc(I)cc1,0.18,-0.172,-0.207,-0.25358,-0.06822
O=Ic1ccc(C(=O)O)cc1,0.62,-0.17,-0.238,-0.21885,-0.08304
O=C(O)c1ccc(I(=O)=O)cc1,0.78,-0.155,-0.306,-0.26209,-0.10716
O=Nc1ccc(C(=O)O)cc1,0.91,-0.137,0.041,-0.24536,-0.13251
O=C(O)c1ccc([N+](=O)[O-])cc1,0.78,-0.145,0.088,-0.30138,-0.12495
O=C(O)c1ccc(O[N+](=O)[O-])cc1,0.7,-0.163,0.27,-0.28972,-0.09559
N#[N+]c1ccc(C(=O)O)cc1,1.91,-0.053,0.011,-0.43888,-0.30905
O=C(O)c1ccc(N=[N+]([O-])[O-])cc1,-0.43,-0.247,0.16,-0.08288,0.05363
[N-]=[N+]=Nc1ccc(C(=O)O)cc1,0.08,-0.188,0.133,-0.25324,-0.07974
O=C(O)c1ccc([O-])cc1,-0.81,-0.295,0.405,-0.04677,0.08976
O=C(O)c1ccc(S(=O)[O-])cc1,-0.05,-0.213,-0.229,-0.04803,0.04193
O=C(O)c1ccc(S(=O)(=O)[O-])cc1,0.35,-0.206,-0.251,-0.09997,0.03366
O=C(O)c1ccc([S-])cc1,-1.21,-0.261,-0.17,-0.04427,0.07654
O=C(O)c1ccc([As](=O)([O-])O)cc1,-0.02,-0.195,-0.406,-0.07687,0.0406
O=C(O)c1ccc(N[N+](=O)[O-])cc1,0.57,-0.184,-0.146,-0.26761,-0.0966
O=C(O)c1ccc(O)cc1,-0.37,-0.206,0.335,-0.25005,-0.05669
O=C(O)c1ccc(S(=O)O)cc1,-0.07,-0.159,-0.263,-0.27083,-0.08936
O=C(O)c1ccc(P(=O)([O-])O)cc1,0.26,-0.208,-0.371,-0.10749,0.03847
O=C(O)c1ccc(OP(=O)([O-])O)cc1,0.0,-0.238,0.381,-0.12079,0.04557
O=C(O)c1ccc(S)cc1,0.15,-0.191,-0.163,-0.24174,-0.06698
O=C(O)c1ccc(B(O)O)cc1,0.12,-0.166,-0.388,-0.26408,-0.07111
Nc1ccc(C(=O)O)cc1,-0.66,-0.219,0.185,-0.22637,-0.04765
O=C(O)c1ccc(NO)cc1,-0.34,-0.207,0.161,-0.23559,-0.05533
NS(=O)(=O)c1ccc(C(=O)O)cc1,0.6,-0.156,-0.288,-0.28905,-0.09003
O=C(O)c1ccc(P(=O)(O)O)cc1,0.42,-0.158,-0.444,-0.28395,-0.08369
O=C(O)c1ccc(P)cc1,0.05,-0.177,-0.301,-0.25646,-0.07119
O=C(O)c1ccc([B-](O)(O)O)cc1,-0.44,-0.228,-0.228,-0.09836,0.06445
O=C(O)c1ccc([GeH3])cc1,0.01,-0.172,-0.39,-0.2745,-0.07213
[NH3+]c1ccc(C(=O)O)cc1,0.6,-0.125,0.085,-0.41093,-0.02129
NNc1ccc(C(=O)O)cc1,-0.55,-0.219,0.18,-0.22609,-0.05043
O=C(O)c1ccc([SiH3])cc1,0.1,-0.169,-0.441,-0.27522,-0.07377
O=C(O)c1ccc(C(Br)(Br)Br)cc1,0.29,-0.16,-0.096,-0.27754,-0.09348
O=C(O)c1ccc(C(F)(F)Cl)cc1,0.46,-0.159,-0.123,-0.29073,-0.08999
O=C(O)c1ccc(-n2nnnc2Cl)cc1,0.61,-0.162,0.147,-0.29151,-0.09632
O=C(O)c1ccc(C(=O)Cl)cc1,0.61,-0.141,-0.161,-0.29555,-0.11392
O=C(O)c1ccc(N=C(Cl)Cl)cc1,0.13,-0.181,0.142,-0.26348,-0.08304
O=C(O)c1ccc(C(Cl)(Cl)Cl)cc1,0.46,-0.16,-0.083,-0.28545,-0.09055
O=C(O)c1ccc(OC(Cl)(Cl)Cl)cc1,0.35,-0.172,0.292,-0.28664,-0.08263
O=C(O)c1ccc(C(=O)F)cc1,0.7,-0.143,-0.183,-0.29562,-0.10929
O=C(O)c1ccc(C(F)(F)F)cc1,0.54,-0.159,-0.137,-0.29205,-0.08779
O=C(O)c1ccc([Hg]C(F)(F)F)cc1,0.32,-0.168,-0.422,-0.27587,-0.07382
O=C(O)c1ccc([Hg]SC(F)(F)F)cc1,0.42,-0.167,-0.393,-0.26734,-0.07883
O=C(O)c1ccc(I=NS(=O)(=O)C(F)(F)F)cc1,1.35,-0.16,-0.206,-0.28012,-0.13204
O=C(O)c1ccc(N=NC(F)(F)F)cc1,0.68,-0.142,0.079,-0.28499,-0.12918
O=C(O)c1ccc(OC(F)(F)F)cc1,0.35,-0.173,0.287,-0.28804,-0.07925
O=C(O)c1ccc(S(=O)C(F)(F)F)cc1,0.69,-0.156,-0.267,-0.27671,-0.09496
O=C(O)c1ccc([Se](=O)C(F)(F)F)cc1,0.83,-0.157,-0.304,-0.27509,-0.09577
O=C(O)c1ccc(S(=O)(=O)C(F)(F)F)cc1,0.96,-0.141,-0.321,-0.30603,-0.10836
O=C(O)c1ccc([Se](=O)(=O)C(F)(F)F)cc1,1.21,-0.144,-0.336,-0.30892,-0.10989
O=C(O)c1ccc(OS(=O)(=O)C(F)(F)F)cc1,0.53,-0.171,0.286,-0.28956,-0.08573
O=C(O)c1ccc(SC(F)(F)F)cc1,0.5,-0.157,-0.208,-0.28492,-0.08931
O=C(O)c1ccc([Se]C(F)(F)F)cc1,0.45,-0.158,-0.244,-0.26612,-0.08904
N#C[Hg]c1ccc(C(=O)O)cc1,0.34,-0.167,-0.424,-0.279,-0.07722
N#Cc1ccc(C(=O)O)cc1,0.66,-0.154,-0.153,-0.29114,-0.1005
[C-]#[N+]c1ccc(C(=O)O)cc1,0.49,-0.167,0.128,-0.28384,-0.09276
O=C=Nc1ccc(C(=O)O)cc1,0.19,-0.182,0.148,-0.26341,-0.07885
N#COc1ccc(C(=O)O)cc1,0.54,-0.181,0.308,-0.28253,-0.08202
N#CS(=O)(=O)c1ccc(C(=O)O)cc1,1.26,-0.138,-0.316,-0.31184,-0.11655
O=C(O)c1ccc(N=C=S)cc1,0.38,-0.177,0.138,-0.252,-0.08836
N#CSc1ccc(C(=O)O)cc1,0.52,-0.176,-0.167,-0.26589,-0.08271
N#C[Se]c1ccc(C(=O)O)cc1,0.66,-0.157,-0.224,-0.27156,-0.09272
N#CN=Nc1ccc(C(=O)O)cc1,1.03,-0.134,0.078,-0.28997,-0.14846
N#C/N=[N+](\[O-])c1ccc(C(=O)O)cc1,0.89,-0.141,0.106,-0.29688,-0.14479
O=C(O)c1ccc(C([N+](=O)[O-])([N+](=O)[O-])[N+](=O)[O-])cc1,0.82,-0.139,-0.129,-0.30583,-0.14135
[N-]=[N+]=Nc1nnnn1-c1ccc(C(=O)O)cc1,0.54,-0.169,0.155,-0.27959,-0.0964
O=C([O-])c1ccc(C(=O)O)cc1,0.0,-0.213,-0.076,-0.07304,0.04491
O=C(O)c1ccc(C(Br)Br)cc1,0.32,-0.164,-0.076,-0.27452,-0.08799
O=C(O)c1ccc(C(Cl)Cl)cc1,0.32,-0.164,-0.07,-0.28119,-0.08563
O=C(O)c1ccc(OC(Cl)Cl)cc1,0.26,-0.18,0.308,-0.27931,-0.0772
O=C(O)c1ccc(C(F)F)cc1,0.32,-0.162,-0.112,-0.28677,-0.08292
O=C(O)c1ccc(OC(F)F)cc1,0.18,-0.19,0.315,-0.27179,-0.07166
O=C(O)c1ccc(S(=O)C(F)F)cc1,0.58,-0.161,-0.263,-0.2674,-0.09154
O=C(O)c1ccc(S(=O)(=O)C(F)F)cc1,0.86,-0.145,-0.316,-0.30362,-0.10491
O=C(O)c1ccc(SC(F)F)cc1,0.37,-0.165,-0.205,-0.26782,-0.08505
N=S(=O)(c1ccc(C(=O)O)cc1)C(F)(F)F,0.84,-0.145,-0.292,-0.29144,-0.10094
O=C(O)c1ccc(NS(=O)(=O)C(F)(F)F)cc1,0.39,-0.181,0.145,-0.27294,-0.08064
O=C(O)c1ccc(C(I)I)cc1,0.26,-0.162,-0.067,-0.25793,-0.08959
N#CNc1ccc(C(=O)O)cc1,0.06,-0.196,0.177,-0.25442,-0.07129
O=C(O)c1ccc(-n2cnnn2)cc1,0.5,-0.17,0.158,-0.28469,-0.09576
O=C(O)c1ccc(-c2nnn[nH]2)cc1,0.56,-0.15,-0.087,-0.27825,-0.0998
O=C(O)c1ccc(-n2nnnc2O)cc1,0.33,-0.174,0.157,-0.2768,-0.08822
O=C(O)c1ccc(-n2nnnc2S)cc1,0.45,-0.167,0.154,-0.27495,-0.09234
O=C(O)c1ccc(Nc2nnns2)cc1,0.19,-0.154,0.15,-0.25184,-0.08535
O=Cc1ccc(C(=O)O)cc1,0.42,-0.148,-0.155,-0.27951,-0.10478
O=C(O)c1ccc(C(=O)O)cc1,0.45,-0.152,-0.152,-0.28458,-0.09523
O=C(O)c1ccc(CBr)cc1,0.14,-0.171,-0.053,-0.27164,-0.08152
O=C(O)c1ccc(CCl)cc1,0.12,-0.169,-0.052,-0.27717,-0.0793
O=C(O)c1ccc(OCCl)cc1,0.08,-0.195,0.327,-0.26007,-0.0652
O=C(O)c1ccc(CF)cc1,0.11,-0.167,-0.077,-0.27989,-0.07717
O=C(O)c1ccc(OCF)cc1,0.02,-0.196,0.327,-0.26034,-0.0635
O=C(O)c1ccc(SCF)cc1,0.2,-0.182,-0.182,-0.25,-0.07248
O=C(O)c1ccc(CI)cc1,0.11,-0.166,-0.046,-0.25649,-0.08565
O=CNc1ccc(C(=O)O)cc1,0.0,-0.195,0.175,-0.25496,-0.07527
NC(=O)c1ccc(C(=O)O)cc1,0.36,-0.162,-0.119,-0.2724,-0.0864
NC(=S)c1ccc(C(=O)O)cc1,0.3,-0.162,-0.091,-0.22574,-0.09511
O=C(O)c1ccc(/C=N/O)cc1,0.1,-0.17,-0.084,-0.25223,-0.08645
NC(=O)N=[N+]([O-])c1ccc(C(=O)O)cc1,0.63,-0.149,0.113,-0.28511,-0.12653
Cc1ccc(C(=O)O)cc1,-0.17,-0.187,-0.009,-0.26249,-0.06083
C[Si](Cl)(Cl)c1ccc(C(=O)O)cc1,0.39,-0.16,-0.528,-0.28314,-0.08405
C[Si](F)(F)c1ccc(C(=O)O)cc1,0.23,-0.16,-0.555,-0.28222,-0.08303
C[Hg]c1ccc(C(=O)O)cc1,0.1,-0.178,-0.431,-0.23918,-0.05442
O=C(O)c1ccc(NCS(=O)(=O)[O-])cc1,-0.57,-0.255,0.223,-0.11066,0.0406
NC(=O)Nc1ccc(C(=O)O)cc1,-0.24,-0.197,0.172,-0.24923,-0.07077
CN(c1ccc(C(=O)O)cc1)[N+](=O)[O-],0.61,-0.17,0.149,-0.26806,-0.08676
NC(=S)Nc1ccc(C(=O)O)cc1,0.16,-0.167,0.147,-0.22776,-0.07148
COc1ccc(C(=O)O)cc1,-0.27,-0.16,0.313,-0.24343,-0.05397
O=C(O)c1ccc(CO)cc1,0.0,-0.174,-0.068,-0.27011,-0.06765
CS(=O)c1ccc(C(=O)O)cc1,0.49,-0.169,-0.274,-0.24827,-0.08073
COSc1ccc(C(=O)O)cc1,0.17,-0.166,-0.243,-0.23569,-0.06852
CS(=O)Oc1ccc(C(=O)O)cc1,0.45,-0.171,0.266,-0.26735,-0.07323
COS(=O)c1ccc(C(=O)O)cc1,0.54,-0.167,-0.286,-0.26485,-0.08615
CS(=O)(=O)c1ccc(C(=O)O)cc1,0.72,-0.169,-0.324,-0.28852,-0.09
CS(=O)(=O)Sc1ccc(C(=O)O)cc1,0.54,-0.175,-0.243,-0.27622,-0.09982
CS(=O)(=O)Oc1ccc(C(=O)O)cc1,0.36,-0.167,0.262,-0.27876,-0.07821
CSc1ccc(C(=O)O)cc1,0.0,-0.163,-0.199,-0.22992,-0.06253
CSSc1ccc(C(=O)O)cc1,0.13,-0.168,-0.21,-0.24141,-0.06767
C[Se]c1ccc(C(=O)O)cc1,0.0,-0.175,-0.257,-0.22284,-0.0633
CNc1ccc(C(=O)O)cc1,-0.7,-0.158,0.167,-0.21587,-0.04348
NCc1ccc(C(=O)O)cc1,-0.11,-0.173,-0.06,-0.25293,-0.06077
CS(=O)(=O)Nc1ccc(C(=O)O)cc1,0.03,-0.159,0.136,-0.25628,-0.07007
[NH3+]Cc1ccc(C(=O)O)cc1,0.53,-0.146,-0.14,-0.39726,-0.20893
O=C(O)c1ccc(N(C(=O)F)C(=O)F)cc1,0.57,-0.161,0.126,-0.29808,-0.09003
O=C(O)c1ccc([Hg]OC(=O)C(F)(F)F)cc1,0.52,-0.163,-0.394,-0.2821,-0.08555
O=C(O)c1ccc(C(=O)C(F)(F)F)cc1,0.8,-0.176,0.581,-0.29602,-0.12116
O=C(O)c1ccc(SC(=O)C(F)(F)F)cc1,0.46,-0.169,1.581,-0.28841,-0.09239
O=C(O)c1ccc(OC(=O)C(F)(F)F)cc1,0.46,-0.16,2.581,-0.28867,-0.0828
O=C(O)c1ccc(N(C(=O)F)C(F)(F)F)cc1,0.5,-0.163,3.581,-0.29877,-0.09122
O=C(O)c1ccc(C(F)(F)C(F)(F)F)cc1,0.52,-0.169,-0.148,-0.29288,-0.08984
O=C(O)c1ccc(OC(F)(F)C(F)(F)F)cc1,0.28,-0.161,0.265,-0.28463,-0.07883
O=C(O)c1ccc(S(=O)(=O)C(F)(F)C(F)(F)F)cc1,1.08,-0.167,-0.338,-0.30565,-0.10904
O=C(O)c1ccc(SC(F)(F)C(F)(F)F)cc1,0.48,-0.17,-0.232,-0.28713,-0.09045
O=C(O)c1ccc(N(C(F)(F)F)C(F)(F)F)cc1,0.53,-0.166,0.107,-0.29399,-0.08768
O=C(O)c1ccc(/S(=N/S(=O)(=O)C(F)(F)F)C(F)(F)F)cc1,1.28,-0.156,-0.273,-0.30521,-0.11339
O=C(O)c1ccc(S(=O)(=NS(=O)(=O)C(F)(F)F)C(F)(F)F)cc1,1.4,-0.162,-0.31,-0.3155,-0.11901
O=C(O)c1ccc(N(S(=O)(=O)C(F)(F)F)S(=O)(=O)C(F)(F)F)cc1,0.83,-0.167,0.08,-0.29851,-0.10146
O=C(O)c1ccc(P(C(F)(F)F)C(F)(F)F)cc1,0.69,-0.172,-0.404,-0.29439,-0.0981
N#CP(C#N)c1ccc(C(=O)O)cc1,0.9,-0.168,-0.376,-0.30216,-0.10624
C#Cc1ccc(C(=O)O)cc1,0.23,-0.174,-0.131,-0.25746,-0.08199
O=C(O)c1ccc(OC(F)(F)C(F)Cl)cc1,0.28,-0.175,0.29,-0.28382,-0.0758
O=C(O)c1ccc(NC(=O)C(F)(F)F)cc1,0.12,-0.183,0.161,-0.26618,-0.08506
O=C(O)c1ccc(/C=N/S(=O)(=O)C(F)(F)F)cc1,1.0,-0.135,-0.135,-0.2992,-0.12649
O=C(O)c1ccc(OC(F)(F)C(F)F)cc1,0.25,-0.178,0.301,-0.27931,-0.07521
O=C(O)c1ccc(SC(F)(F)C(F)F)cc1,0.47,-0.158,-0.201,-0.28289,-0.08768
O=C(O)c1ccc(-n2nnnc2SS2=NN=NN2)cc1,0.64,-0.172,0.161,-0.25272,-0.14653
C#CSc1ccc(C(=O)O)cc1,0.19,-0.185,-0.169,-0.23841,-0.07074
O=C(O)c1ccc(S/C=C/Cl)cc1,0.24,-0.184,-0.18,-0.2384,-0.07262
O=C(O)c1ccc([Se]/C=C/Cl)cc1,0.26,-0.179,-0.213,-0.23122,-0.07175
O=C(O)c1ccc(CC(F)(F)F)cc1,0.09,-0.172,-0.034,-0.27974,-0.07455
O=C(O)c1ccc(CS(=O)C(F)(F)F)cc1,0.24,-0.169,-0.063,-0.26792,-0.07858
O=C(O)c1ccc(CS(=O)(=O)C(F)(F)F)cc1,0.31,-0.162,-0.069,-0.28645,-0.08687
O=C(O)c1ccc(CSC(F)(F)F)cc1,0.15,-0.17,-0.047,-0.27521,-0.07977
N#CCc1ccc(C(=O)O)cc1,0.18,-0.175,-0.014,-0.28074,-0.07533
O=C(O)c1ccc(C=C[N+](=O)[O-])cc1,0.26,-0.153,-0.078,-0.27924,-0.12792
O=C([O-])Cc1ccc(C(=O)O)cc1,-0.16,-0.223,0.028,-0.07213,-0.04524
N#CSCc1ccc(C(=O)O)cc1,0.14,-0.166,-0.058,-0.27609,-0.08866
C=Cc1ccc(C(=O)O)cc1,-0.04,-0.177,-0.056,-0.24745,-0.07928
O=C(CCl)Nc1ccc(C(=O)O)cc1,-0.03,-0.18,0.162,-0.26382,-0.08006
CN(c1ccc(C(=O)O)cc1)S(=O)(=O)C(F)(F)F,0.44,-0.172,0.149,-0.27213,-0.08153
CC(=O)O[Hg]c1ccc(C(=O)O)cc1,0.4,-0.166,-0.4,-0.24155,-0.07902
CC(c1ccc(C(=O)O)cc1)([N+](=O)[O-])[N+](=O)[O-],0.61,-0.151,-0.09,-0.29389,-0.11694
O=C(O)c1ccc(C2CO2)cc1,0.03,-0.179,-0.056,-0.26482,-0.0692
C=COc1ccc(C(=O)O)cc1,-0.09,-0.198,0.331,-0.24435,-0.06249
CC(=O)c1ccc(C(=O)O)cc1,0.5,-0.132,-0.154,-0.27084,-0.09666
CC(=O)Sc1ccc(C(=O)O)cc1,0.44,-0.165,-0.205,-0.26798,-0.08677
CC(=O)Oc1ccc(C(=O)O)cc1,0.31,-0.182,0.306,-0.27638,-0.07712
COC(=O)c1ccc(C(=O)O)cc1,0.45,-0.156,-0.14,-0.28001,-0.08987
O=C(O)c1ccc(C2CS2)cc1,0.01,-0.178,-0.039,-0.24122,-0.07374
C=CSc1ccc(C(=O)O)cc1,0.2,-0.131,-0.217,-0.21456,-0.14347
C=C[Se]c1ccc(C(=O)O)cc1,0.21,-0.167,-0.235,-0.22464,-0.07826
O=C(O)c1ccc(N2CC2)cc1,-0.22,-0.205,0.182,-0.23076,-0.05523
O=C(O)c1ccc(C2CN2)cc1,-0.1,-0.185,-0.033,-0.25427,-0.06133
CN1OC1c1ccc(C(=O)O)cc1,0.12,-0.169,-0.077,-0.26696,-0.07417
COC(=O)Nc1ccc(C(=O)O)cc1,-0.17,-0.2,0.18,-0.24508,-0.06422
CC(=O)Nc1ccc(C(=O)O)cc1,0.0,-0.192,0.173,-0.25162,-0.07321
CNC(=O)c1ccc(C(=O)O)cc1,0.36,-0.165,-0.109,-0.26627,-0.08241
CO/N=C/c1ccc(C(=O)O)cc1,0.3,-0.172,-0.084,-0.24421,-0.08491
NC(=O)Cc1ccc(C(=O)O)cc1,0.07,-0.179,-0.039,-0.2604,-0.07571
CC(=S)Nc1ccc(C(=O)O)cc1,0.12,-0.185,0.165,-0.22667,-0.08642
CNC(=S)c1ccc(C(=O)O)cc1,0.34,-0.169,-0.087,-0.21917,-0.08522
NC(=S)N/N=C/c1ccc(C(=O)O)cc1,0.4,-0.166,-0.089,-0.22872,-0.10073
O=C(O)c1ccc(OCC[O-])cc1,-0.12,-0.241,0.379,-0.01062,0.03817
CCc1ccc(C(=O)O)cc1,-0.15,-0.186,-0.005,-0.26235,-0.06107
NNC(=O)N/N=C/c1ccc(C(=O)O)cc1,0.16,-0.175,-0.078,-0.23762,-0.0855
CCOc1ccc(C(=O)O)cc1,-0.24,-0.209,0.347,-0.24174,-0.05274
CC(O)c1ccc(C(=O)O)cc1,-0.07,-0.183,-0.028,-0.26232,-0.06126
COCc1ccc(C(=O)O)cc1,0.01,-0.175,-0.038,-0.26767,-0.06662
CCS(=O)(=O)c1ccc(C(=O)O)cc1,0.77,-0.155,-0.295,-0.29321,-0.09197
CCSc1ccc(C(=O)O)cc1,0.03,-0.196,-0.173,-0.22815,-0.06145
CN(C)P(Cl)c1ccc(C(=O)O)cc1,0.56,-0.16,-0.384,-0.22861,-0.08725
N[C+](N)SCc1ccc(C(=O)O)cc1,0.15,-0.139,-0.091,-0.37724,-0.20415
C[Si](C)(Cl)c1ccc(C(=O)O)cc1,0.21,-0.167,-0.5,-0.27508,-0.07608
C[Si](C)(F)c1ccc(C(=O)O)cc1,0.17,-0.17,-0.516,-0.27324,-0.07213
CCNc1ccc(C(=O)O)cc1,-0.61,-0.225,0.203,-0.21526,-0.04313
CN(C)c1ccc(C(=O)O)cc1,-0.83,-0.226,0.209,-0.21045,-0.04234
CN(c1ccc(C(=O)O)cc1)S(C)(=O)=O,0.24,-0.185,0.154,-0.2538,-0.07256
CN(C)S(=O)(=O)c1ccc(C(=O)O)cc1,0.65,-0.156,-0.294,-0.26651,-0.09013
CS(=O)(=O)N(c1ccc(C(=O)O)cc1)S(C)(=O)=O,0.49,-0.159,0.111,-0.28468,-0.08758
CN(C)Sc1ccc(C(=O)O)cc1,0.09,-0.196,-0.182,-0.22997,-0.05898
CN(C)N=Nc1ccc(C(=O)O)cc1,-0.03,-0.19,0.131,-0.22418,-0.0722
Cn1c2cc(C(=O)O)ccc2n[n+]1C,1.17,-0.144,0.134,-0.40877,-0.24865
CP(C)(=O)c1ccc(C(=O)O)cc1,0.5,-0.165,-0.407,-0.27265,-0.07954
COP(=O)(OC)c1ccc(C(=O)O)cc1,0.53,-0.161,-0.433,-0.27889,-0.07879
CP(C)c1ccc(C(=O)O)cc1,0.06,-0.181,-0.322,-0.23356,-0.0669
C[S+](C)c1ccc(C(=O)O)cc1,0.9,-0.114,-0.246,-0.40665,-0.21971
Cc1ccc(S(=O)(=O)S(C)(C)c2ccc(C(=O)O)cc2)cc1,0.96,-0.155,-0.194,-0.18414,-0.08915
[NH3+]CCc1ccc(C(=O)O)cc1,0.17,-0.148,-0.081,-0.39101,-0.194
C[SiH](C)c1ccc(C(=O)O)cc1,0.04,-0.174,-0.456,-0.2686,-0.06843
O=C(O)c1ccc(C#CC(F)(F)F)cc1,0.51,-0.158,-0.127,-0.27821,-0.09952
O=C(O)c1ccc(/C(F)=C(\F)C(F)(F)F)cc1,0.46,-0.156,-0.118,-0.27308,-0.10334
O=C(O)c1ccc(N=C(C(F)(F)F)C(F)(F)F)cc1,0.23,-0.172,0.124,-0.27199,-0.11405
O=C(O)c1ccc(C(F)(F)C(F)(F)C(F)(F)F)cc1,0.48,-0.155,-0.125,-0.29309,-0.09082
O=C(O)c1ccc(C(F)(C(F)(F)F)C(F)(F)F)cc1,0.53,-0.159,-0.09,-0.29241,-0.08742
O=C(O)c1ccc(S(=O)(=O)C(F)(F)C(F)(F)C(F)(F)F)cc1,1.09,-0.14,-0.318,-0.30624,-0.11015
O=C(O)c1ccc(S(=O)(=O)C(F)(C(F)(F)F)C(F)(F)F)cc1,1.1,-0.139,-0.311,-0.30598,-0.11098
O=C(O)c1ccc(SC(F)(F)C(F)(F)C(F)(F)F)cc1,0.48,-0.157,-0.205,-0.28212,-0.09091
O=C(O)c1ccc(SC(F)(C(F)(F)F)C(F)(F)F)cc1,0.51,-0.156,-0.202,-0.28148,-0.09162
O=C(O)c1ccc([Te]C(F)(F)C(F)(F)C(F)(F)F)cc1,0.48,-0.155,-0.356,-0.2503,-0.09229
O=C(O)c1ccc(C(O)(C(F)(F)F)C(F)(F)F)cc1,0.3,-0.163,-0.063,-0.28492,-0.08075
O=C(O)c1ccc(C(SC(F)(F)F)SC(F)(F)F)cc1,0.44,-0.164,-0.063,-0.28024,-0.08743
N#CC(C#N)c1ccc(C(=O)O)cc1,0.52,-0.161,-0.019,-0.29876,-0.09184
O=C(O)c1ccc(/C=C\C(F)(F)F)cc1,0.17,-0.162,-0.075,-0.26803,-0.09492
O=C(O)c1ccc(/C=C/C(F)(F)F)cc1,0.27,-0.164,-0.068,-0.26824,-0.0982
O=C(O)c1ccc(/C=C/S(=O)(=O)C(F)(F)F)cc1,0.55,-0.151,-0.089,-0.2845,-0.11803
N#C/C=C/c1ccc(C(=O)O)cc1,0.17,-0.16,-0.075,-0.2658,-0.10959
CC#Cc1ccc(C(=O)O)cc1,0.03,-0.177,-0.091,-0.24414,-0.07418
CN(C(=O)C(F)(F)F)c1ccc(C(=O)O)cc1,0.39,-0.166,0.151,-0.28018,-0.08376
O=C/C=C/c1ccc(C(=O)O)cc1,0.13,-0.159,-0.075,-0.26617,-0.11073
O=C(O)c1ccc(C2CC2)cc1,-0.21,-0.191,-0.085,-0.24968,-0.05989
C=C(C)c1ccc(C(=O)O)cc1,0.05,-0.179,-0.036,-0.2458,-0.07312
C/C=C/c1ccc(C(=O)O)cc1,-0.09,-0.183,-0.044,-0.23715,-0.07326
C=CCc1ccc(C(=O)O)cc1,-0.14,-0.184,-0.007,-0.2618,-0.06317
CCC(c1ccc(C(=O)O)cc1)([N+](=O)[O-])[N+](=O)[O-],0.64,-0.154,-0.08,-0.29232,-0.11527
C=CCOc1ccc(C(=O)O)cc1,-0.25,-0.208,0.345,-0.24347,-0.05405
CCC(=O)c1ccc(C(=O)O)cc1,0.48,-0.155,-0.13,-0.26661,-0.09638
CCOC(=O)c1ccc(C(=O)O)cc1,0.45,-0.156,-0.14,-0.27883,-0.08874
CC(=O)OCc1ccc(C(=O)O)cc1,0.05,-0.179,-0.042,-0.27288,-0.06912
O=C(O)CCc1ccc(C(=O)O)cc1,-0.07,-0.183,-0.009,-0.26859,-0.06609
C=CCSc1ccc(C(=O)O)cc1,0.12,-0.194,-0.174,-0.23053,-0.06353
C=CC[Se]c1ccc(C(=O)O)cc1,0.12,-0.174,-0.222,-0.22894,-0.07344
CC(=O)N(C)c1ccc(C(=O)O)cc1,0.26,-0.176,0.172,-0.25602,-0.07793
CC(=O)NCc1ccc(C(=O)O)cc1,-0.05,-0.18,-0.032,-0.26458,-0.07097
CCOC(=O)Nc1ccc(C(=O)O)cc1,-0.15,-0.199,0.178,-0.24332,-0.06079
CC(C)(c1ccc(C(=O)O)cc1)[N+](=O)[O-],0.2,-0.17,-0.033,-0.28008,-0.08849
CC(C)c1ccc(C(=O)O)cc1,-0.15,-0.186,0.003,-0.26188,-0.06038
CCCc1ccc(C(=O)O)cc1,-0.13,-0.186,-0.002,-0.26143,-0.06063
CCNC(=O)Nc1ccc(C(=O)O)cc1,-0.26,-0.201,0.176,-0.24298,-0.06476
CCNC(=S)Nc1ccc(C(=O)O)cc1,0.07,-0.192,0.166,-0.22034,-0.07737
CC(C)Oc1ccc(C(=O)O)cc1,-0.45,-0.21,0.35,-0.2391,-0.05173
CCCOc1ccc(C(=O)O)cc1,-0.25,-0.208,0.347,-0.24152,-0.05238
CC(O)Cc1ccc(C(=O)O)cc1,-0.17,-0.185,-0.009,-0.25879,-0.05822
CC(C)(OO)c1ccc(C(=O)O)cc1,-0.14,-0.177,-0.022,-0.26735,-0.06747
CC(C)Sc1ccc(C(=O)O)cc1,0.07,-0.171,-0.19,-0.23862,-0.07407
CN(C)Cc1ccc(C(=O)O)cc1,0.01,-0.183,-0.026,-0.22957,-0.06189
C[Ge](C)(C)c1ccc(C(=O)O)cc1,0.0,-0.178,-0.418,-0.26502,-0.06497
C[N+](C)(C)c1ccc(C(=O)O)cc1,0.82,-0.133,0.134,-0.40147,-0.19836
C[NH+](C)Cc1ccc(C(=O)O)cc1,0.43,-0.131,-0.113,-0.39223,-0.19612
CO[Si](C)(C)c1ccc(C(=O)O)cc1,-0.02,-0.174,-0.497,-0.26523,-0.0652
C[Si](C)(C)Oc1ccc(C(=O)O)cc1,-0.27,-0.201,0.343,-0.24958,-0.05551
CO[Si](C)(OC)c1ccc(C(=O)O)cc1,0.1,-0.171,-0.518,-0.2645,-0.06561
CO[Si](OC)(OC)c1ccc(C(=O)O)cc1,0.13,-0.169,-0.545,-0.26939,-0.07065
C[P+](C)(C)c1ccc(C(=O)O)cc1,0.73,-0.118,-0.422,-0.39957,-0.20658
C[Si](C)(C)c1ccc(C(=O)O)cc1,-0.07,-0.175,-0.464,-0.26655,-0.06639
C[Sn](C)(C)c1ccc(C(=O)O)cc1,0.0,-0.173,-0.487,-0.25651,-0.05672
O=C(O)c1ccc(I(OC(=O)C(F)(F)F)OC(=O)C(F)(F)F)cc1,1.34,-0.158,-0.212,-0.28805,-0.12198
O=C(O)c1ccc(C2(F)C(F)(F)C(F)(F)C2(F)F)cc1,0.53,-0.154,-0.098,-0.29436,-0.09485
O=C(O)c1ccc(C(=O)C(F)(F)C(F)(F)C(F)(F)F)cc1,0.79,-0.137,-0.152,-0.29689,-0.12379
O=C(O)c1ccc(C(C(F)(F)F)(C(F)(F)F)C(F)(F)F)cc1,0.55,-0.156,-0.052,-0.29195,-0.08882
O=C(O)c1ccc(C(F)(F)C(F)(F)C(F)(F)C(F)(F)F)cc1,0.52,-0.154,-0.126,-0.29796,-0.0941
O=C(O)c1ccc(S(=O)(=O)C(C(F)(F)F)(C(F)(F)F)C(F)(F)F)cc1,1.13,-0.137,-0.309,-0.30731,-0.1142
O=C(O)c1ccc(SC(C(F)(F)F)(C(F)(F)F)C(F)(F)F)cc1,0.58,-0.152,-0.212,-0.2853,-0.09628
O=C(O)c1ccc(C(SC(F)(F)F)(SC(F)(F)F)SC(F)(F)F)cc1,0.53,-0.154,-0.095,-0.28704,-0.09826
O=C(O)c1ccc([Se]C(C(F)(F)F)(C(F)(F)F)C(F)(F)F)cc1,0.54,-0.154,-0.249,-0.26924,-0.09773
N#CC(C#N)(C#N)c1ccc(C(=O)O)cc1,0.96,-0.153,-0.017,-0.30788,-0.10189
O=C(O)c1ccc(C2(O)C(F)(F)C(F)(F)C2(F)F)cc1,0.37,-0.162,-0.07,-0.29078,-0.08735
N#CC(C#N)=Cc1ccc(C(=O)O)cc1,0.84,-0.14,-0.097,-0.28131,-0.1351
O=C(O)c1ccc(-c2ccc(Br)o2)cc1,0.0,-0.18,-0.079,-0.22745,-0.08099
O=C(O)c1ccc(N2C(=O)C=CC2=O)cc1,0.27,-0.176,0.166,-0.26389,-0.12251
O=C(O)c1ccc(N2C(=O)CC(Cl)C2=O)cc1,0.46,-0.169,0.157,-0.27413,-0.08308
O=C(O)c1ccc(-c2cccnn2)cc1,0.48,-0.168,-0.061,-0.24935,-0.08735
CC(C#N)(C#N)c1ccc(C(=O)O)cc1,0.57,-0.166,-0.009,-0.29398,-0.08676
O=C(O)c1ccc(-c2ccncn2)cc1,0.63,-0.164,-0.063,-0.26863,-0.09471
O=C(O)c1ccc(-c2ncccn2)cc1,0.53,-0.165,-0.078,-0.25872,-0.0867
O=C(O)c1ccc(-c2cncnc2)cc1,0.39,-0.172,-0.038,-0.26519,-0.08701
O=C(O)c1ccc(-c2ccco2)cc1,0.02,-0.182,-0.075,-0.22688,-0.07636
O=C(O)c1ccc(-c2cccs2)cc1,0.05,-0.181,-0.045,-0.23266,-0.07873
O=C(O)c1ccc(-c2ccsc2)cc1,-0.02,-0.182,-0.021,-0.23899,-0.07242
O=C(O)c1ccc(-c2ccc[se]2)cc1,0.04,-0.181,-0.053,-0.23022,-0.08278
O=C(O)c1ccc(-c2ccc[te]2)cc1,0.03,-0.182,-0.046,-0.22869,-0.07698
O=C(O)c1ccc(-n2cccc2)cc1,0.37,-0.189,0.192,-0.23075,-0.07113
O=C(O)c1ccc(N2C(=O)CCC2=O)cc1,0.31,-0.173,0.162,-0.2668,-0.07334
CC(=O)/C=C/c1ccc(C(=O)O)cc1,-0.01,-0.164,-0.074,-0.26097,-0.10467
CC(=O)N(C(C)=O)c1ccc(C(=O)O)cc1,0.33,-0.169,0.169,-0.27745,-0.07848
O=C(O)c1ccc(C2CCC2)cc1,-0.14,-0.188,-0.001,-0.25835,-0.05988
CC(C)C(=O)c1ccc(C(=O)O)cc1,0.47,-0.155,-0.127,-0.26548,-0.09534
CC(C)C(=O)Nc1ccc(C(=O)O)cc1,-0.1,-0.19,0.173,-0.25179,-0.07314
CC(C)(C)c1ccc(C(=O)O)cc1,-0.2,-0.186,0.012,-0.26157,-0.06016
CCC(C)c1ccc(C(=O)O)cc1,-0.12,-0.186,0.006,-0.26126,-0.05994
CC(C)Cc1ccc(C(=O)O)cc1,-0.12,-0.186,-0.003,-0.26116,-0.06115
CCCCc1ccc(C(=O)O)cc1,-0.16,-0.186,-0.002,-0.26091,-0.06039
CCCCOc1ccc(C(=O)O)cc1,-0.32,-0.209,0.347,-0.24125,-0.05221
CC(C)(O)Cc1ccc(C(=O)O)cc1,-0.17,-0.185,-0.011,-0.25879,-0.05856
COC(OC)(OC)c1ccc(C(=O)O)cc1,-0.04,-0.175,-0.075,-0.26741,-0.06666
CC[As](CC)c1ccc(C(=O)O)cc1,0.0,-0.182,-0.324,-0.23241,-0.06579
CC[As](=O)(CC)c1ccc(C(=O)O)cc1,0.44,-0.167,-0.39,-0.24748,-0.07816
CC[As](=S)(CC)c1ccc(C(=O)O)cc1,0.44,-0.164,-0.371,-0.21699,-0.08127
CCCCNc1ccc(C(=O)O)cc1,-0.51,-0.226,0.204,-0.21419,-0.04233
CCN(CC)c1ccc(C(=O)O)cc1,-0.72,-0.229,0.217,-0.20696,-0.04091
CCP(=O)(CC)c1ccc(C(=O)O)cc1,0.47,-0.166,-0.401,-0.26685,-0.07726
CCOP(=O)(/N=N\c1ccc(C(=O)O)cc1)OCC,0.74,-0.151,0.088,-0.25163,-0.11591
CCOP(=O)(OCC)c1ccc(C(=O)O)cc1,0.6,-0.16,-0.444,-0.27922,-0.08016
CCP(CC)c1ccc(C(=O)O)cc1,0.13,-0.174,-0.322,-0.23696,-0.0693
CCP(=S)(CC)c1ccc(C(=O)O)cc1,0.46,-0.164,-0.375,-0.22676,-0.08049
C[N+](C)(C)Cc1ccc(C(=O)O)cc1,0.44,-0.133,-0.11,-0.39008,-0.1907
C[NH+](C)CCc1ccc(C(=O)O)cc1,0.14,-0.153,-0.052,-0.37169,-0.17359
C[Si](C)(C)OCc1ccc(C(=O)O)cc1,-0.05,-0.177,-0.033,-0.26772,-0.06472
C[Si](C)(C)Cc1ccc(C(=O)O)cc1,-0.21,-0.193,0.001,-0.24832,-0.05775
CN(C)P(=O)(c1ccc(C(=O)O)cc1)N(C)C,0.4,-0.166,-0.43,-0.2448,-0.07662
CN(C)P(c1ccc(C(=O)O)cc1)N(C)C,0.25,-0.173,-0.365,-0.21047,-0.06965
N#CC(C#N)=C(C#N)c1ccc(C(=O)O)cc1,0.98,-0.137,-0.074,-0.29706,-0.15906
N#Cc1ccc(-c2ccc(C(=O)O)cc2)o1,0.1,-0.169,-0.081,-0.24709,-0.0986
O=Cc1ccc(-c2ccc(C(=O)O)cc2)o1,-0.05,-0.168,-0.082,-0.2447,-0.10152
O=C(O)c1ccc(-c2ccccn2)cc1,0.17,-0.173,-0.049,-0.2501,-0.0796
O=C(O)c1ccc(-c2cccnc2)cc1,0.25,-0.175,-0.04,-0.25128,-0.0852
O=C(O)c1ccc(-c2ccncc2)cc1,0.44,-0.17,-0.047,-0.26159,-0.09107
Cc1nc(C)nc(-c2ccc(C(=O)O)cc2)n1,0.39,-0.165,-0.085,-0.26985,-0.09442
O=C(O)c1ccc(C2=CCCC2)cc1,-0.05,-0.183,-0.033,-0.23208,-0.07163
CCOC(=O)/C=C/c1ccc(C(=O)O)cc1,0.03,-0.165,-0.074,-0.25794,-0.09907
O=C(O)c1ccc(C2CCCC2)cc1,-0.14,-0.186,0.005,-0.25836,-0.05999
CC(C)(C)C(=O)c1ccc(C(=O)O)cc1,0.32,-0.159,-0.119,-0.2622,-0.09103
CCCCOC(=O)Nc1ccc(C(=O)O)cc1,-0.05,-0.2,0.179,-0.24266,-0.06028
CCC(C)(C)c1ccc(C(=O)O)cc1,-0.18,-0.186,0.014,-0.26073,-0.05975
CC(C)(C)Cc1ccc(C(=O)O)cc1,-0.17,-0.185,-0.004,-0.26083,-0.06169
CCCCCc1ccc(C(=O)O)cc1,-0.15,-0.186,-0.002,-0.2607,-0.06033
CCCCCOc1ccc(C(=O)O)cc1,-0.34,-0.209,0.347,-0.24111,-0.0521
CCOP(=O)(Cc1ccc(C(=O)O)cc1)OCC,0.06,-0.181,-0.025,-0.26156,-0.06284
C[N+](C)(C)CCc1ccc(C(=O)O)cc1,0.13,-0.154,-0.05,-0.36982,-0.16013
C[Si](C)(C)CCc1ccc(C(=O)O)cc1,-0.17,-0.187,0.0,-0.25806,-0.05965
C[Si](C)(C)O[Si](C)(C)c1ccc(C(=O)O)cc1,-0.01,-0.175,-0.491,-0.2651,-0.06504
O=C(O)c1ccc(-c2c(Cl)c(Cl)c(Cl)c(Cl)c2Cl)cc1,0.24,-0.17,-0.038,-0.26944,-0.07627
O=C(O)c1ccc(-c2c(F)c(F)c(F)c(F)c2F)cc1,0.27,-0.165,-0.046,-0.27224,-0.08809
O=C(O)c1ccc(P(=O)(C(F)(F)C(F)(F)C(F)(F)F)C(F)(F)C(F)(F)C(F)(F)F)cc1,1.1,-0.141,-0.446,-0.30218,-0.10632
O=C(O)c1ccc(OP(=O)(C(F)(F)C(F)(F)C(F)(F)F)C(F)(F)C(F)(F)C(F)(F)F)cc1,0.56,-0.176,0.313,-0.28874,-0.08426
O=C(O)c1ccc(NP(=O)(C(F)(F)C(F)(F)C(F)(F)F)C(F)(F)C(F)(F)C(F)(F)F)cc1,0.18,-0.19,0.173,-0.26657,-0.07617
O=C(O)c1ccc(-c2c([N+](=O)[O-])cc([N+](=O)[O-])cc2[N+](=O)[O-])cc1,0.3,-0.157,-0.063,-0.29269,-0.14791
O=C(O)c1ccc(-c2cccc(Br)c2)cc1,0.08,-0.176,-0.027,-0.25147,-0.07854
O=C(O)c1ccc(-c2ccc(Br)cc2)cc1,0.12,-0.178,-0.026,-0.24543,-0.0781
O=C(O)c1ccc(-c2cccc(Cl)c2)cc1,0.1,-0.176,-0.03,-0.25258,-0.07847
O=C(O)c1ccc(-c2ccc(Cl)cc2)cc1,0.12,-0.178,-0.031,-0.24687,-0.07787
O=C(O)c1ccc(-c2cccc(F)c2)cc1,0.1,-0.16,0.405,-0.27153,-0.07516
O=C(O)c1ccc(-c2ccc(F)cc2)cc1,0.06,-0.179,-0.023,-0.24712,-0.07513
O=C(O)c1ccc(Oc2ccc(F)cc2)cc1,-0.1,-0.203,0.337,-0.25094,-0.05953
O=C(O)c1ccc(-c2cccc(I)c2)cc1,0.06,-0.173,-0.025,-0.24232,-0.0703
O=C(O)c1ccc(-c2ccc(I)cc2)cc1,0.1,-0.173,-0.024,-0.23653,-0.07014
O=C(O)c1ccc(-c2cccc([N+](=O)[O-])c2)cc1,0.2,-0.172,-0.037,-0.2662,-0.11191
O=C(O)c1ccc(-c2ccc([N+](=O)[O-])cc2)cc1,0.26,-0.17,-0.041,-0.26945,-0.11508
O=C(O)c1ccc(Sc2ccc([N+](=O)[O-])cc2)cc1,0.24,-0.161,-0.204,-0.25117,-0.10565
O=C(O)c1ccc(S(=O)c2ccc([N+](=O)[O-])cc2)cc1,0.6,-0.163,-0.238,-0.26681,-0.11947
O=C(O)c1ccc(-n2nc3ccccc3n2)cc1,0.51,-0.175,0.155,-0.24713,-0.09527
O=C(O)c1ccc(-c2ccccc2)cc1,-0.01,-0.18,-0.022,-0.24541,0.07224
O=C(O)c1ccc(/[N+]([O-])=N\S(=O)(=O)c2ccccc2)cc1,0.79,-0.148,0.107,-0.28172,-0.12621
O=C(O)c1ccc(N=Nc2ccccc2)cc1,0.39,-0.164,0.109,-0.24728,-0.10915
O=C(O)c1ccc(Oc2ccccc2)cc1,-0.03,-0.204,0.337,-0.2447,-0.0571
O=C(O)c1ccc(S(=O)c2ccccc2)cc1,0.44,-0.17,-0.231,-0.24854,-0.07887
CC(=O)c1ccc(-c2ccc(C(=O)O)cc2)o1,0.08,-0.172,-0.079,-0.23931,-0.09459
CC1=CC=CC(c2ccc(C(=O)O)cc2)O1,0.43,-0.174,-0.046,-0.21504,-0.07164
O=C(O)c1ccc(S(=O)(=O)c2ccccc2)cc1,0.68,-0.156,-0.285,-0.28083,-0.09225
O=C(O)c1ccc(OS(=O)(=O)c2ccccc2)cc1,0.33,-0.179,0.29,-0.274,-0.07812
O=C(O)c1ccc(Sc2ccccc2)cc1,0.07,-0.195,-0.167,-0.23143,-0.0612
O=C(O)c1ccc(Nc2ccccc2)cc1,-0.56,-0.214,0.193,-0.21311,-0.05617
O=C(O)c1ccc(NS(=O)(=O)c2ccccc2)cc1,0.01,-0.191,0.156,-0.25394,-0.07355
O=C(O)c1ccc(S(=O)(=O)Nc2ccccc2)cc1,0.65,-0.155,-0.295,-0.25916,-0.09141
CCc1ccc(-c2ccc(C(=O)O)cc2)o1,-0.13,-0.186,-0.064,-0.21776,-0.07303
Cc1ccc(C)n1-c1ccc(C(=O)O)cc1,0.38,-0.178,0.181,-0.20374,-0.07331
O=C(O)c1ccc(C2=CCCCC2)cc1,-0.08,-0.184,-0.025,-0.23371,-0.06802
O=C(O)c1ccc(C2CCCCC2)cc1,-0.15,-0.187,0.009,-0.25869,-0.0595
CCCN(CCC)c1ccc(C(=O)O)cc1,-0.93,-0.228,0.217,-0.20705,-0.04178
CN(C)CCCCc1ccc(C(=O)O)cc1,-0.16,-0.186,-0.002,-0.22136,-0.06101
CC(C)P(=O)(c1ccc(C(=O)O)cc1)C(C)C,0.41,-0.167,-0.403,-0.26185,-0.07698
CC(C)P(c1ccc(C(=O)O)cc1)C(C)C,0.06,-0.174,-0.321,-0.23461,-0.07054
CCCOP(=O)(OCCC)c1ccc(C(=O)O)cc1,0.5,-0.168,-0.444,-0.27849,-0.07955
CC[Ge](CC)(CC)c1ccc(C(=O)O)cc1,0.0,-0.179,-0.425,-0.26006,-0.06478
C[N+](C)(C)CCCc1ccc(C(=O)O)cc1,-0.01,-0.163,-0.038,-0.35293,-0.15193
CCO[Si](OCC)(OCC)c1ccc(C(=O)O)cc1,0.08,-0.17,-0.548,-0.26806,-0.06948
CC[P+](CC)(CC)c1ccc(C(=O)O)cc1,0.98,-0.123,-0.416,-0.39576,-0.20029
CC[Sn](CC)(CC)c1ccc(C(=O)O)cc1,0.0,-0.173,-0.493,-0.24897,-0.0564
O=C(O)c1ccc(P(=NS(=O)(=O)C(F)(F)F)(C(F)(F)C(F)(F)C(F)(F)F)C(F)(F)C(F)(F)C(F)(F)F)cc1,1.37,-0.132,-0.442,-0.30158,-0.11814
CN(C)[Si](c1ccc(C(=O)O)cc1)(N(C)C)N(C)C,-0.04,-0.174,-0.514,-0.21847,-0.06585
O=C(O)c1ccc(-c2nc3ccccc3o2)cc1,0.33,-0.164,-0.114,-0.2415,-0.09135
O=C(O)c1ccc(-c2nc3ccccc3s2)cc1,0.29,-0.181,-0.082,-0.24193,-0.09303
O=C(O)c1ccc(C(=O)c2ccccc2)cc1,0.43,-0.159,-0.116,-0.26466,-0.09552
O=C(O)c1ccc(OC(=O)c2ccccc2)cc1,0.13,-0.194,0.322,-0.26085,-0.08135
O=C(O)c1ccc(C(=O)Oc2ccccc2)cc1,0.44,-0.153,-0.145,-0.2583,-0.09364
O=C(O)c1ccc(/N=C/c2ccccc2)cc1,-0.55,-0.188,0.149,-0.24084,-0.08589
O=C(O)c1ccc(/C=N/c2ccccc2)cc1,0.42,-0.164,-0.093,-0.23665,-0.09388
O=C(O)c1ccc(NC(=O)c2ccccc2)cc1,-0.19,-0.192,0.169,-0.24908,-0.0756
O=C(O)c1ccc(C(=O)Nc2ccccc2)cc1,0.41,-0.163,-0.118,-0.23671,-0.08799
Cc1ccc(-c2ccc(C(=O)O)cc2)cc1,-0.03,-0.182,-0.025,-0.23782,-0.06992
O=C(O)c1ccc(Cc2ccccc2)cc1,-0.09,-0.184,-0.004,-0.25216,-0.06252
Cc1ccc(O)c(/N=N/c2ccc(C(=O)O)cc2)c1,0.31,-0.168,0.113,-0.23111,-0.10377
COc1ccc(-c2ccc(C(=O)O)cc2)cc1,-0.08,-0.184,-0.027,-0.22544,-0.06751
O=C(O)c1ccc(C(O)c2ccccc2)cc1,-0.03,-0.183,-0.025,-0.25707,-0.06182
O=C(O)c1ccc(COc2ccccc2)cc1,0.07,-0.182,-0.039,-0.23588,-0.06485
O=C(O)c1ccc(CS(=O)(=O)c2ccccc2)cc1,0.16,-0.171,-0.058,-0.27248,-0.07852
CCC(CC)(CC)c1ccc(C(=O)O)cc1,-0.2,-0.186,0.017,-0.26001,-0.06015
CCCCCCCc1ccc(C(=O)O)cc1,-0.16,-0.186,-0.001,-0.26046,-0.06025
C[Si](C)(C)O[Si](C)(O[Si](C)(C)C)c1ccc(C(=O)O)cc1,-0.01,-0.174,-0.517,-0.26488,-0.06512
O=C(O)c1ccc(C(F)(F)C(F)(F)c2ccc(F)cc2)cc1,0.39,-0.161,-0.116,-0.2786,-0.08576
O=C(O)c1ccc(C#Cc2ccccc2)cc1,0.16,-0.175,-0.109,-0.23126,-0.08465
O=C(O)c1ccc(/C=N/C(=O)c2ccccc2)cc1,0.51,-0.152,-0.106,-0.26546,-0.11018
O=C(O)c1ccc(/C=C/c2ccccc2)cc1,-0.07,-0.18,-0.054,-0.22431,-0.08568
O=C(O)c1ccc(/C=N/NC(=O)c2ccccc2)cc1,0.51,-0.169,-0.097,-0.24212,-0.09447
COc1ccc(/C=N/c2ccc(C(=O)O)cc2)cc1,-0.54,-0.191,0.153,-0.22813,-0.07902
COc1ccc(C(=O)Nc2ccc(C(=O)O)cc2)cc1,-0.06,-0.195,0.171,-0.24078,-0.07158
Cc1ccc(S(=O)(=O)/N=C/Sc2ccc(C(=O)O)cc2)cc1,0.7,-0.166,-0.202,-0.26698,-0.09109
CCc1ccc(-c2ccc(C(=O)O)cc2)cc1,-0.02,-0.182,-0.008,-0.2379,-0.07005
O=C(O)c1ccc(CCc2ccccc2)cc1,-0.12,-0.185,-0.006,-0.25126,-0.06299
C/C(=N\c1ccc(C(=O)O)cc1)Nc1ccccc1,0.08,-0.203,0.167,-0.22109,-0.0567
C[Si](C)(c1ccccc1)c1ccc(C(=O)O)cc1,0.07,-0.175,-0.471,-0.25794,-0.06699
Cc1ccc(S(=O)(=O)/N=S(\C)c2ccc(C(=O)O)cc2)cc1,0.7,-0.161,-0.214,-0.24481,-0.093
Cc1cc(C)[n+](-c2ccc(C(=O)O)cc2)c(C)c1,0.58,-0.139,0.116,-0.39344,-0.21879
CC(C)(C)P(=O)(c1ccc(C(=O)O)cc1)C(C)(C)C,0.41,-0.166,-0.4,-0.25704,-0.07636
CCCCP(=O)(CCCC)c1ccc(C(=O)O)cc1,0.49,-0.166,-0.411,-0.26306,-0.07808
CCCCOP(=O)(OCCCC)c1ccc(C(=O)O)cc1,0.57,-0.161,-0.44,-0.27743,-0.07867
CC(C)(C)P(c1ccc(C(=O)O)cc1)C(C)(C)C,0.15,-0.166,-0.4,-0.25704,-0.07636
O=C(O)c1ccc(/C=C/C(=O)c2ccc([N+](=O)[O-])cc2)cc1,0.05,-0.16,-0.081,-0.26957,-0.12505
O=C(O)c1ccc(/C=C/C(=O)c2ccccc2)cc1,0.05,-0.165,-0.073,-0.25663,-0.10365
CC(C)c1ccc(-c2ccc(C(=O)O)cc2)cc1,0.01,-0.182,-0.023,-0.23778,-0.06987
C[Si](C)(C)O[Si](O[Si](C)(C)C)(O[Si](C)(C)C)c1ccc(C(=O)O)cc1,-0.01,-0.174,-0.523,-0.26515,-0.06573
CC(C)(C)c1ccc(-c2ccc(C(=O)O)cc2)cc1,0.01,-0.182,-0.025,-0.23751,-0.06972
O=C(O)c1ccc(C23CC4CC(CC(C4)C2)C3)cc1,-0.13,-0.187,0.0,-0.25802,-0.05973
O=C(O)c1ccc([As](c2ccccc2)c2ccccc2)cc1,0.09,-0.176,-0.326,-0.23559,-0.06944
O=C(O)c1ccc([As](=O)(c2ccccc2)c2ccccc2)cc1,0.64,-0.166,-0.382,-0.25356,-0.07823
O=C(O)c1ccc(N(c2ccccc2)c2ccccc2)cc1,-0.22,-0.205,0.193,-0.20507,-0.0594
O=C(O)c1ccc(P(=O)(c2ccccc2)c2ccccc2)cc1,0.53,-0.164,-0.4,-0.26805,-0.07833
O=C(O)c1ccc(P(c2ccccc2)c2ccccc2)cc1,0.19,-0.177,-0.329,-0.22883,-0.06939
O=C(O)c1ccc(P(=S)(c2ccccc2)c2ccccc2)cc1,0.47,-0.163,-0.372,-0.22734,-0.08044
CCCN(CCC)P(c1ccc(C(=O)O)cc1)c1cccc(F)c1,0.24,-0.171,-0.341,-0.20575,-0.07397
O=C(O)c1ccc(-c2cc(=O)c3ccc4ccccc4c3o2)cc1,0.38,-0.163,-0.084,-0.23748,-0.09816
O=C(O)c1ccc(-c2cc(=O)c3c(ccc4ccccc43)o2)cc1,0.38,-0.164,-0.075,-0.23795,-0.09757
O=C(O)c1ccc(-c2nc3ccccc3n2-c2ccccc2)cc1,0.21,-0.172,-0.059,-0.22907,-0.07933
O=C(O)c1ccc(C(c2ccccc2)c2ccccc2)cc1,-0.05,-0.183,-0.005,-0.24655,-0.06344
CN1c2ccccc2[As](c2ccc(C(=O)O)cc2)c2ccccc21,0.07,-0.175,-0.315,-0.20763,-0.06758
Cc1ccc(P(=O)(c2ccccc2)c2ccc(C(=O)O)cc2)cc1,0.3,-0.165,-0.399,-0.25947,-0.07699
O=C(O)c1ccc(CP(=O)(c2ccccc2)c2ccccc2)cc1,0.01,-0.181,-0.025,-0.25724,-0.06264
Cc1ccc(P(=S)(c2ccccc2)c2ccc(C(=O)O)cc2)cc1,0.3,-0.164,-0.372,-0.22494,-0.07931
C[P+](c1ccccc1)(c1ccccc1)c1ccc(C(=O)O)cc1,1.18,-0.126,-0.417,-0.38411,-0.19648
C[Si](c1ccccc1)(c1ccccc1)c1ccc(C(=O)O)cc1,0.13,-0.173,-0.478,-0.25731,-0.06785
O=C(O)c1ccc(C(=O)OC(c2ccccc2)c2ccccc2)cc1,0.56,-0.157,-0.145,-0.25216,-0.08783
Cc1ccc(P(=O)(c2ccc(C)cc2)c2ccc(C(=O)O)cc2)cc1,0.3,-0.166,-0.399,-0.25718,-0.07555
Cc1ccc(P(=S)(c2ccc(C)cc2)c2ccc(C(=O)O)cc2)cc1,0.23,-0.165,-0.37,-0.22267,-0.07784
Cc1ccc([P+](C)(c2ccccc2)c2ccc(C(=O)O)cc2)cc1,1.11,-0.126,-0.414,-0.38008,-0.19101
Cc1ccc([P+](C)(c2ccc(C)cc2)c2ccc(C(=O)O)cc2)cc1,1.18,-0.128,-0.413,-0.37586,-0.18863
O=C(O)c1ccc([Ge](c2ccccc2)(c2ccccc2)c2ccccc2)cc1,0.08,-0.175,-0.42,-0.25671,-0.06714
Cc1cc(-c2ccccc2)cc(-c2ccccc2)[n+]1-c1ccc(C(=O)O)cc1,0.7,-0.142,0.144,-0.36669,-0.21604
O=C(O)c1ccc(N=P(c2ccccc2)(c2ccccc2)c2ccccc2)cc1,-0.77,-0.225,0.19,-0.19824,-0.05891
O=C(O)c1ccc([Si](c2ccccc2)(c2ccccc2)c2ccccc2)cc1,0.1,-0.172,-0.479,-0.25699,-0.06881
O=C(O)c1ccc([Sn](c2ccccc2)(c2ccccc2)c2ccccc2)cc1,0.27,-0.174,-0.5,-0.25324,-0.06169
O=C(O)c1ccc(C(c2ccccc2)(c2ccccc2)c2ccccc2)cc1,0.02,-0.181,0.008,-0.24405,-0.06416
O=C(O)c1ccc(-[n+]2c(-c3ccccc3)cc(-c3ccccc3)cc2-c2ccccc2)cc1,0.33,-0.144,0.134,-0.36295,-0.21381
