SMILES,Sigma
O=C(O)c1cccc(B(F)F)c1,0.32
O=C(O)c1cccc(Br)c1,0.39
O=C(O)c1cccc([Ge](Br)(Br)Br)c1,0.66
O=C(O)c1cccc([Si](Br)(Br)Br)c1,0.48
O=C(O)c1cccc(Cl)c1,0.37
O=C(O)c1cccc([Hg]Cl)c1,0.33
O=C(O)c1cccc(S(=O)(=O)Cl)c1,1.2
O=C(O)c1cccc(SCl)c1,0.44
O=C(O)c1cccc(I(Cl)Cl)c1,1.1
O=C(O)c1cccc(P(=O)(Cl)Cl)c1,0.78
O=C(O)c1cccc(P(Cl)Cl)c1,0.54
O=C(O)c1cccc(P(=S)(Cl)Cl)c1,0.7
O=C(O)c1cccc([Ge](Cl)(Cl)Cl)c1,0.71
O=C(O)c1cccc([Si](Cl)(Cl)Cl)c1,0.48
O=C(O)c1cccc(F)c1,0.34
O=C(O)c1cccc([Hg]F)c1,0.34
O=C(O)c1cccc(S(=O)F)c1,0.74
O=C(O)c1cccc(S(=O)(=O)F)c1,0.8
O=C(O)c1cccc(I(F)F)c1,0.85
O=C(O)c1cccc(P(=O)(F)F)c1,0.81
O=C(O)c1cccc(P(F)F)c1,0.49
O=C(O)c1cccc([Ge](F)(F)F)c1,0.85
O=C(O)c1cccc(S(F)(F)F)c1,0.7
O=C(O)c1cccc([Si](F)(F)F)c1,0.54
O=C(O)c1cccc(I(F)(F)(F)F)c1,1.07
O=C(O)c1cccc(P(F)(F)(F)F)c1,0.63
O=C(O)c1cccc(S(F)(F)(F)(F)F)c1,0.61
O=C(O)c1cccc(I)c1,0.35
O=Ic1cccc(C(=O)O)c1,0.58
O=C(O)c1cccc(I(=O)=O)c1,0.68
O=Nc1cccc(C(=O)O)c1,0.62
O=C(O)c1cccc([N+](=O)[O-])c1,0.71
O=C(O)c1cccc(O[N+](=O)[O-])c1,0.55
N#[N+]c1cccc(C(=O)O)c1,1.76
O=C(O)c1cccc(N=[N+]([O-])[O-])c1,0.0
[N-]=[N+]=Nc1cccc(C(=O)O)c1,0.37
O=C(O)c1cccc([O-])c1,-0.47
O=C(O)c1cccc(S(=O)[O-])c1,-0.02
O=C(O)c1cccc(S(=O)(=O)[O-])c1,0.3
O=C(O)c1cccc([S-])c1,-0.36
O=C(O)c1cccc([As](=O)([O-])O)c1,0.0
O=C(O)c1ccccc1,0.0
O=C(O)c1cccc(N[N+](=O)[O-])c1,0.91
O=C(O)c1cccc(O)c1,0.12
O=C(O)c1cccc(S(=O)O)c1,-0.04
O=C(O)c1cccc(P(=O)([O-])O)c1,0.2
O=C(O)c1cccc(OP(=O)([O-])O)c1,0.29
O=C(O)c1cccc(S)c1,0.25
O=C(O)c1cccc(B(O)O)c1,-0.01
Nc1cccc(C(=O)O)c1,-0.16
O=C(O)c1cccc(NO)c1,-0.04
NS(=O)(=O)c1cccc(C(=O)O)c1,0.53
O=C(O)c1cccc(P(=O)(O)O)c1,0.36
O=C(O)c1cccc(P)c1,0.06
O=C(O)c1cccc([B-](O)(O)O)c1,-0.48
O=C(O)c1cccc([GeH3])c1,0.0
[NH3+]c1cccc(C(=O)O)c1,0.86
NNc1cccc(C(=O)O)c1,-0.02
O=C(O)c1cccc([SiH3])c1,0.05
O=C(O)c1cccc(C(Br)(Br)Br)c1,0.28
O=C(O)c1cccc(C(F)(F)Cl)c1,0.42
O=C(O)c1cccc(-n2nnnc2Cl)c1,0.6
O=C(O)c1cccc(C(=O)Cl)c1,0.51
O=C(O)c1cccc(N=C(Cl)Cl)c1,0.21
O=C(O)c1cccc(C(Cl)(Cl)Cl)c1,0.4
O=C(O)c1cccc(OC(Cl)(Cl)Cl)c1,0.43
O=C(O)c1cccc(C(=O)F)c1,0.55
O=C(O)c1ccc2c(c1)OC(F)(F)O2,0.36
O=C(O)c1cccc(C(F)(F)F)c1,0.43
O=C(O)c1cccc([Hg]C(F)(F)F)c1,0.29
O=C(O)c1cccc([Hg]SC(F)(F)F)c1,0.39
O=C(O)c1cccc(/I=N/S(=O)(=O)C(F)(F)F)c1,1.3
O=C(O)c1cccc(/N=N/C(F)(F)F)c1,0.56
O=C(O)c1cccc(OC(F)(F)F)c1,0.38
O=C(O)c1cccc(S(=O)C(F)(F)F)c1,0.63
O=C(O)c1cccc([Se](=O)C(F)(F)F)c1,0.81
O=C(O)c1cccc(S(=O)(=O)C(F)(F)F)c1,0.83
O=C(O)c1cccc([Se](=O)(=O)C(F)(F)F)c1,1.08
O=C(O)c1cccc(OS(=O)(=O)C(F)(F)F)c1,0.56
O=C(O)c1cccc(SC(F)(F)F)c1,0.4
O=C(O)c1cccc([Se]C(F)(F)F)c1,0.44
N#C[Hg]c1cccc(C(=O)O)c1,0.28
N#Cc1cccc(C(=O)O)c1,0.56
[C-]#[N+]c1cccc(C(=O)O)c1,0.48
O=C=Nc1cccc(C(=O)O)c1,0.27
N#COc1cccc(C(=O)O)c1,0.67
N#CS(=O)(=O)c1cccc(C(=O)O)c1,1.1
O=C(O)c1cccc(N=C=S)c1,0.48
N#CSc1cccc(C(=O)O)c1,0.51
N#C[Se]c1cccc(C(=O)O)c1,0.61
N#CN=Nc1cccc(C(=O)O)c1,0.71
N#C/N=[N+](/[O-])c1cccc(C(=O)O)c1,0.78
O=C(O)c1cccc(C([N+](=O)[O-])([N+](=O)[O-])[N+](=O)[O-])c1,0.72
[N-]=[N+]=Nc1nnnn1-c1cccc(C(=O)O)c1,0.54
O=C([O-])c1cccc(C(=O)O)c1,-0.1
O=C(O)c1cccc(C(Br)Br)c1,0.31
O=C(O)c1cccc(C(Cl)Cl)c1,0.31
O=C(O)c1cccc(OC(Cl)Cl)c1,0.38
O=C(O)c1cccc(C(F)F)c1,0.29
O=C(O)c1cccc(OC(F)F)c1,0.31
O=C(O)c1cccc(S(=O)C(F)F)c1,0.54
O=C(O)c1cccc(S(=O)(=O)C(F)F)c1,0.75
O=C(O)c1cccc(SC(F)F)c1,0.33
N=S(=O)(c1cccc(C(=O)O)c1)C(F)(F)F,0.72
O=C(O)c1cccc(NS(=O)(=O)C(F)(F)F)c1,0.44
O=C(O)c1cccc(C(I)I)c1,0.26
N#CNc1cccc(C(=O)O)c1,0.21
O=C(O)c1cccc(-n2cnnn2)c1,0.52
O=C(O)c1cccc(-c2nnn[nH]2)c1,0.64
O=C(O)c1cccc(-n2nnnc2O)c1,0.39
O=C(O)c1cccc(-n2nnnc2S)c1,0.45
O=C(O)c1cccc(Nc2nnns2)c1,0.3
O=Cc1cccc(C(=O)O)c1,0.35
O=C(O)c1cccc(C(=O)O)c1,0.37
O=C(O)c1cccc(CBr)c1,0.12
O=C(O)c1cccc(CCl)c1,0.11
O=C(O)c1cccc(OCCl)c1,0.25
O=C(O)c1cccc(CF)c1,0.12
O=C(O)c1cccc(OCF)c1,0.2
O=C(O)c1cccc(SCF)c1,0.23
O=C(O)c1cccc(CI)c1,0.1
O=CNc1cccc(C(=O)O)c1,0.19
NC(=O)c1cccc(C(=O)O)c1,0.28
NC(=S)c1cccc(C(=O)O)c1,0.25
O=C(O)c1cccc(/C=N/O)c1,0.22
O=C(O)c1ccc2[nH]cnc2c1,-0.15
NC(=O)N=[N+]([O-])c1cccc(C(=O)O)c1,0.59
O=C(O)c1ccc2c(c1)OCO2,-0.16
Cc1cccc(C(=O)O)c1,-0.07
C[Si](Cl)(Cl)c1cccc(C(=O)O)c1,0.31
C[Si](F)(F)c1cccc(C(=O)O)c1,0.29
C[Hg]c1cccc(C(=O)O)c1,0.43
O=C(O)c1cccc(NCS(=O)(=O)[O-])c1,-0.1
NC(=O)Nc1cccc(C(=O)O)c1,-0.03
CN(c1cccc(C(=O)O)c1)[N+](=O)[O-],0.49
NC(=S)Nc1cccc(C(=O)O)c1,0.22
COc1cccc(C(=O)O)c1,0.12
O=C(O)c1cccc(CO)c1,0.0
CS(=O)c1cccc(C(=O)O)c1,0.52
COSc1cccc(C(=O)O)c1,0.21
CS(=O)Oc1cccc(C(=O)O)c1,0.44
COS(=O)c1cccc(C(=O)O)c1,0.5
CS(=O)(=O)c1cccc(C(=O)O)c1,0.6
CS(=O)(=O)Sc1cccc(C(=O)O)c1,0.43
CS(=O)(=O)Oc1cccc(C(=O)O)c1,0.39
CSc1cccc(C(=O)O)c1,0.15
CSSc1cccc(C(=O)O)c1,0.22
C[Se]c1cccc(C(=O)O)c1,0.1
CNc1cccc(C(=O)O)c1,-0.21
NCc1cccc(C(=O)O)c1,-0.03
CS(=O)(=O)Nc1cccc(C(=O)O)c1,0.2
[NH3+]Cc1cccc(C(=O)O)c1,0.59
O=C(O)c1cccc(N(C(=O)F)C(=O)F)c1,0.58
O=C(O)c1cccc([Hg]OC(=O)C(F)(F)F)c1,0.5
O=C(O)c1cccc(C(=O)C(F)(F)F)c1,0.63
O=C(O)c1cccc(SC(=O)C(F)(F)F)c1,0.48
O=C(O)c1cccc(OC(=O)C(F)(F)F)c1,0.56
O=C(O)c1cccc(N(C(=O)F)C(F)(F)F)c1,0.5
O=C(O)c1ccc2c(c1)C(F)(F)OC2(F)F,0.81
O=C(O)c1cccc(C(F)(F)C(F)(F)F)c1,0.47
O=C(O)c1cccc(OC(F)(F)C(F)(F)F)c1,0.48
O=C(O)c1cccc(S(=O)(=O)C(F)(F)C(F)(F)F)c1,0.92
O=C(O)c1cccc(SC(F)(F)C(F)(F)F)c1,0.44
O=C(O)c1cccc(N(C(F)(F)F)C(F)(F)F)c1,0.4
O=C(O)c1cccc(/S(=N/S(=O)(=O)C(F)(F)F)C(F)(F)F)c1,1.18
O=C(O)c1cccc(S(=O)(=NS(=O)(=O)C(F)(F)F)C(F)(F)F)c1,1.23
O=C(O)c1cccc(N(S(=O)(=O)C(F)(F)F)S(=O)(=O)C(F)(F)F)c1,0.61
O=C(O)c1cccc(P(C(F)(F)F)C(F)(F)F)c1,0.6
N#CP(C#N)c1cccc(C(=O)O)c1,0.82
C#Cc1cccc(C(=O)O)c1,0.21
O=C(O)c1cccc(OC(F)(F)C(F)Cl)c1,0.35
O=C(O)c1cccc(NC(=O)C(F)(F)F)c1,0.3
O=C(O)c1cccc(/C=N/S(=O)(=O)C(F)(F)F)c1,0.76
O=C(O)c1cccc(OC(F)(F)C(F)F)c1,0.34
O=C(O)c1cccc(SC(F)(F)C(F)F)c1,0.38
O=C(O)c1cccc(-n2nnnc2SS2=NN=NN2)c1,0.63
C#CSc1cccc(C(=O)O)c1,0.26
O=C(O)c1cccc(S/C=C/Cl)c1,0.31
O=C(O)c1cccc([Se]/C=C/Cl)c1,0.28
O=C(O)c1cccc(CC(F)(F)F)c1,0.12
O=C(O)c1cccc(CS(=O)C(F)(F)F)c1,0.25
O=C(O)c1cccc(CS(=O)(=O)C(F)(F)F)c1,0.29
O=C(O)c1cccc(CSC(F)(F)F)c1,0.12
N#CCc1cccc(C(=O)O)c1,0.16
O=C(O)c1cccc(C=C[N+](=O)[O-])c1,0.32
O=C([O-])Cc1cccc(C(=O)O)c1,0.07
N#CSCc1cccc(C(=O)O)c1,0.12
C=Cc1cccc(C(=O)O)c1,0.06
O=C(CCl)Nc1cccc(C(=O)O)c1,0.17
CN(c1cccc(C(=O)O)c1)S(=O)(=O)C(F)(F)F,0.46
CC(=O)O[Hg]c1cccc(C(=O)O)c1,0.39
CC(c1cccc(C(=O)O)c1)([N+](=O)[O-])[N+](=O)[O-],0.54
O=C(O)c1cccc(C2CO2)c1,0.05
C=COc1cccc(C(=O)O)c1,0.21
CC(=O)c1cccc(C(=O)O)c1,0.38
CC(=O)Sc1cccc(C(=O)O)c1,0.39
CC(=O)Oc1cccc(C(=O)O)c1,0.39
COC(=O)c1cccc(C(=O)O)c1,0.37
O=C(O)c1cccc(C2CS2)c1,0.04
C=CSc1cccc(C(=O)O)c1,0.26
C=C[Se]c1cccc(C(=O)O)c1,0.26
O=C(O)c1cccc(N2CC2)c1,-0.07
O=C(O)c1cccc(C2CN2)c1,-0.06
CN1OC1c1cccc(C(=O)O)c1,0.09
COC(=O)Nc1cccc(C(=O)O)c1,-0.02
CC(=O)Nc1cccc(C(=O)O)c1,0.21
CNC(=O)c1cccc(C(=O)O)c1,0.35
CO/N=C/c1cccc(C(=O)O)c1,0.37
NC(=O)Cc1cccc(C(=O)O)c1,0.06
CC(=S)Nc1cccc(C(=O)O)c1,0.24
CNC(=S)c1cccc(C(=O)O)c1,0.3
NC(=S)N/N=C/c1cccc(C(=O)O)c1,0.45
O=C(O)c1cccc(OCC[O-])c1,-0.12
CCc1cccc(C(=O)O)c1,-0.07
NNC(=O)N/N=C/c1cccc(C(=O)O)c1,0.22
CCOc1cccc(C(=O)O)c1,0.1
CC(O)c1cccc(C(=O)O)c1,0.08
COCc1cccc(C(=O)O)c1,0.08
CCS(=O)(=O)c1cccc(C(=O)O)c1,0.66
CCSc1cccc(C(=O)O)c1,0.18
CN(C)P(Cl)c1cccc(C(=O)O)c1,0.38
N[C+](N)SCc1cccc(C(=O)O)c1,0.13
C[Si](C)(Cl)c1cccc(C(=O)O)c1,0.16
C[Si](C)(F)c1cccc(C(=O)O)c1,0.12
CCNc1cccc(C(=O)O)c1,-0.24
CN(C)c1cccc(C(=O)O)c1,-0.16
CN(c1cccc(C(=O)O)c1)S(C)(=O)=O,0.21
CN(C)S(=O)(=O)c1cccc(C(=O)O)c1,0.51
CS(=O)(=O)N(c1cccc(C(=O)O)c1)S(C)(=O)=O,0.47
CN(C)Sc1cccc(C(=O)O)c1,0.12
CN(C)/N=N\c1cccc(C(=O)O)c1,-0.05
Cn1c2ccc(C(=O)O)cc2n[n+]1C,1.17
CP(C)(=O)c1cccc(C(=O)O)c1,0.43
COP(=O)(OC)c1cccc(C(=O)O)c1,0.42
CP(C)c1cccc(C(=O)O)c1,0.03
C[S+](C)c1cccc(C(=O)O)c1,1.0
Cc1ccc(S(=O)(=O)S(C)(C)c2cccc(C(=O)O)c2)cc1,1.06
[NH3+]CCc1cccc(C(=O)O)c1,0.23
C[SiH](C)c1cccc(C(=O)O)c1,0.01
O=C(O)c1cccc(C#CC(F)(F)F)c1,0.41
O=C(O)c1cccc(/C(F)=C(\F)C(F)(F)F)c1,0.39
O=C(O)c1cccc(N=C(C(F)(F)F)C(F)(F)F)c1,0.29
O=C(O)c1cccc(C(F)(F)C(F)(F)C(F)(F)F)c1,0.44
O=C(O)c1cccc(C(F)(C(F)(F)F)C(F)(F)F)c1,0.37
O=C(O)c1cccc(S(=O)(=O)C(F)(F)C(F)(F)C(F)(F)F)c1,0.92
O=C(O)c1cccc(S(=O)(=O)C(F)(C(F)(F)F)C(F)(F)F)c1,0.92
O=C(O)c1cccc(SC(F)(F)C(F)(F)C(F)(F)F)c1,0.45
O=C(O)c1cccc(SC(F)(C(F)(F)F)C(F)(F)F)c1,0.48
O=C(O)c1cccc([Te]C(F)(F)C(F)(F)C(F)(F)F)c1,0.46
O=C(O)c1cccc(C(O)(C(F)(F)F)C(F)(F)F)c1,0.29
O=C(O)c1cccc(C(SC(F)(F)F)SC(F)(F)F)c1,0.44
N#CC(C#N)c1cccc(C(=O)O)c1,0.53
O=C(O)c1cccc(/C=C\C(F)(F)F)c1,0.16
O=C(O)c1cccc(/C=C/C(F)(F)F)c1,0.24
O=C(O)c1cccc(/C=C/S(=O)(=O)C(F)(F)F)c1,0.31
N#C/C=C/c1cccc(C(=O)O)c1,0.24
CC#Cc1cccc(C(=O)O)c1,0.21
CN(C(=O)C(F)(F)F)c1cccc(C(=O)O)c1,0.41
O=C/C=C/c1cccc(C(=O)O)c1,0.24
O=C(O)c1cccc(C2CC2)c1,-0.07
C=C(C)c1cccc(C(=O)O)c1,0.09
C/C=C/c1cccc(C(=O)O)c1,0.02
C=CCc1cccc(C(=O)O)c1,-0.11
CCC(c1cccc(C(=O)O)c1)([N+](=O)[O-])[N+](=O)[O-],0.56
C=CCOc1cccc(C(=O)O)c1,0.09
CCC(=O)c1cccc(C(=O)O)c1,0.38
CCOC(=O)c1cccc(C(=O)O)c1,0.37
CC(=O)OCc1cccc(C(=O)O)c1,0.04
O=C(O)CCc1cccc(C(=O)O)c1,-0.03
C=CCSc1cccc(C(=O)O)c1,0.19
C=CC[Se]c1cccc(C(=O)O)c1,0.21
O=C(O)c1ccc2c(c1)CCC2,-0.26
CC(=O)N(C)c1cccc(C(=O)O)c1,0.31
CC(=O)NCc1cccc(C(=O)O)c1,0.05
CCOC(=O)Nc1cccc(C(=O)O)c1,0.11
CC(C)(c1cccc(C(=O)O)c1)[N+](=O)[O-],0.18
O=C(O)c1ccc2c(c1)OCCCO2,0.0
CC(C)c1cccc(C(=O)O)c1,-0.04
CCCc1cccc(C(=O)O)c1,-0.06
Cn1c[n+](C)c2cc(C(=O)O)ccc21,1.11
CCNC(=O)Nc1cccc(C(=O)O)c1,0.04
CCNC(=S)Nc1cccc(C(=O)O)c1,0.3
CC(C)Oc1cccc(C(=O)O)c1,0.1
CCCOc1cccc(C(=O)O)c1,0.1
CC(O)Cc1cccc(C(=O)O)c1,-0.12
CC(C)(OO)c1cccc(C(=O)O)c1,0.06
CC(C)Sc1cccc(C(=O)O)c1,0.23
CN(C)Cc1cccc(C(=O)O)c1,0.0
C[Ge](C)(C)c1cccc(C(=O)O)c1,0.0
C[N+](C)(C)c1cccc(C(=O)O)c1,0.88
C[NH+](C)Cc1cccc(C(=O)O)c1,0.4
CO[Si](C)(C)c1cccc(C(=O)O)c1,0.04
C[Si](C)(C)Oc1cccc(C(=O)O)c1,0.13
CO[Si](C)(OC)c1cccc(C(=O)O)c1,0.04
CO[Si](OC)(OC)c1cccc(C(=O)O)c1,0.09
C[P+](C)(C)c1cccc(C(=O)O)c1,0.74
C[Si](C)(C)c1cccc(C(=O)O)c1,-0.04
C[Sn](C)(C)c1cccc(C(=O)O)c1,0.0
O=C(O)c1cccc(I(OC(=O)C(F)(F)F)OC(=O)C(F)(F)F)c1,1.28
O=C(O)c1cccc(C2(F)C(F)(F)C(F)(F)C2(F)F)c1,0.48
O=C(O)c1cccc(C(=O)C(F)(F)C(F)(F)C(F)(F)F)c1,0.63
O=C(O)c1cccc(C(C(F)(F)F)(C(F)(F)F)C(F)(F)F)c1,0.55
O=C(O)c1cccc(C(F)(F)C(F)(F)C(F)(F)C(F)(F)F)c1,0.47
O=C(O)c1cccc(S(=O)(=O)C(C(F)(F)F)(C(F)(F)F)C(F)(F)F)c1,0.96
O=C(O)c1cccc(SC(C(F)(F)F)(C(F)(F)F)C(F)(F)F)c1,0.51
O=C(O)c1cccc(C(SC(F)(F)F)(SC(F)(F)F)SC(F)(F)F)c1,0.51
O=C(O)c1cccc([Se]C(C(F)(F)F)(C(F)(F)F)C(F)(F)F)c1,0.49
N#CC(C#N)(C#N)c1cccc(C(=O)O)c1,0.97
O=C(O)c1cccc(C2(O)C(F)(F)C(F)(F)C2(F)F)c1,0.36
N#CC(C#N)=Cc1cccc(C(=O)O)c1,0.66
O=C(O)c1cccc(-c2ccc(Br)o2)c1,0.15
O=C(O)c1cccc(N2C(=O)C=CC2=O)c1,0.33
O=C(O)c1cccc(N2C(=O)CC(Cl)C2=O)c1,0.47
O=C(O)c1cccc(-c2cccnn2)c1,0.28
O=C(O)c1ccc2ccccc2c1,0.04
CC(C#N)(C#N)c1cccc(C(=O)O)c1,0.6
O=C(O)c1cccc(-c2ccncn2)c1,0.3
O=C(O)c1cccc(-c2ncccn2)c1,0.23
O=C(O)c1cccc(-c2cncnc2)c1,0.28
O=C(O)c1cccc(-c2ccco2)c1,0.06
O=C(O)c1cccc(-c2cccs2)c1,0.09
O=C(O)c1cccc(-c2ccsc2)c1,0.03
O=C(O)c1cccc(-c2ccc[se]2)c1,0.06
O=C(O)c1cccc(-c2ccc[te]2)c1,0.06
O=C(O)c1cccc(-n2cccc2)c1,0.47
O=C(O)c1cccc(N2C(=O)CCC2=O)c1,0.34
CC(=O)/C=C/c1cccc(C(=O)O)c1,0.21
CC(=O)N(C(C)=O)c1cccc(C(=O)O)c1,0.35
O=C(O)c1cccc(C2CCC2)c1,-0.05
CC(C)C(=O)c1cccc(C(=O)O)c1,0.38
O=C(O)c1ccc2c(c1)CCCC2,-0.48
CC(C)C(=O)Nc1cccc(C(=O)O)c1,0.11
CC(C)(C)c1cccc(C(=O)O)c1,-0.1
CCC(C)c1cccc(C(=O)O)c1,-0.08
CC(C)Cc1cccc(C(=O)O)c1,-0.07
CCCCc1cccc(C(=O)O)c1,-0.08
CCCCOc1cccc(C(=O)O)c1,0.1
CC(C)(O)Cc1cccc(C(=O)O)c1,-0.16
COC(OC)(OC)c1cccc(C(=O)O)c1,-0.03
CC[As](CC)c1cccc(C(=O)O)c1,0.22
CC[As](=O)(CC)c1cccc(C(=O)O)c1,0.57
CC[As](=S)(CC)c1cccc(C(=O)O)c1,0.52
CCCCNc1cccc(C(=O)O)c1,-0.34
CCN(CC)c1cccc(C(=O)O)c1,-0.23
CCP(=O)(CC)c1cccc(C(=O)O)c1,0.37
CCOP(=O)(/N=N\c1cccc(C(=O)O)c1)OCC,0.16
CCOP(=O)(OCC)c1cccc(C(=O)O)c1,0.55
CCP(CC)c1cccc(C(=O)O)c1,0.1
CCP(=S)(CC)c1cccc(C(=O)O)c1,0.39
C[N+](C)(C)Cc1cccc(C(=O)O)c1,0.4
C[NH+](C)CCc1cccc(C(=O)O)c1,0.24
C[Si](C)(C)OCc1cccc(C(=O)O)c1,-0.04
C[Si](C)(C)Cc1cccc(C(=O)O)c1,-0.16
CN(C)P(=O)(c1cccc(C(=O)O)c1)N(C)C,0.3
CN(C)P(c1cccc(C(=O)O)c1)N(C)C,0.18
N#CC(C#N)=C(C#N)c1cccc(C(=O)O)c1,0.77
N#Cc1ccc(-c2cccc(C(=O)O)c2)o1,0.25
O=Cc1ccc(-c2cccc(C(=O)O)c2)o1,0.22
O=C(O)c1cccc(-c2ccccn2)c1,0.33
O=C(O)c1cccc(-c2cccnc2)c1,0.23
O=C(O)c1cccc(-c2ccncc2)c1,0.27
Cc1nc(C)nc(-c2cccc(C(=O)O)c2)n1,0.25
O=C(O)c1cccc(C2=CCCC2)c1,-0.06
CCOC(=O)/C=C/c1cccc(C(=O)O)c1,0.19
O=C(O)c1cccc(C2CCCC2)c1,-0.05
CC(C)(C)C(=O)c1cccc(C(=O)O)c1,0.27
CCCCOC(=O)Nc1cccc(C(=O)O)c1,0.06
CCC(C)(C)c1cccc(C(=O)O)c1,-0.06
CC(C)(C)Cc1cccc(C(=O)O)c1,-0.05
CCCCCc1cccc(C(=O)O)c1,-0.08
CCCCCOc1cccc(C(=O)O)c1,0.1
CCOP(=O)(Cc1cccc(C(=O)O)c1)OCC,0.12
C[N+](C)(C)CCc1cccc(C(=O)O)c1,0.16
C[Si](C)(C)CCc1cccc(C(=O)O)c1,-0.16
C[Si](C)(C)O[Si](C)(C)c1cccc(C(=O)O)c1,0.0
O=C(O)c1cccc(-c2c(Cl)c(Cl)c(Cl)c(Cl)c2Cl)c1,0.25
O=C(O)c1cccc(-c2c(F)c(F)c(F)c(F)c2F)c1,0.26
O=C(O)c1cccc(P(=O)(C(F)(F)C(F)(F)C(F)(F)F)C(F)(F)C(F)(F)C(F)(F)F)c1,0.95
O=C(O)c1cccc(OP(=O)(C(F)(F)C(F)(F)C(F)(F)F)C(F)(F)C(F)(F)C(F)(F)F)c1,0.66
O=C(O)c1cccc(NP(=O)(C(F)(F)C(F)(F)C(F)(F)F)C(F)(F)C(F)(F)C(F)(F)F)c1,0.28
O=C(O)c1cccc(-c2c([N+](=O)[O-])cc([N+](=O)[O-])cc2[N+](=O)[O-])c1,0.26
O=C(O)c1cccc(-c2cccc(Br)c2)c1,0.09
O=C(O)c1cccc(-c2ccc(Br)cc2)c1,0.15
O=C(O)c1cccc(-c2cccc(Cl)c2)c1,0.15
O=C(O)c1cccc(-c2ccc(Cl)cc2)c1,0.15
O=C(O)c1cccc(-c2cccc(F)c2)c1,0.15
O=C(O)c1cccc(-c2ccc(F)cc2)c1,0.12
O=C(O)c1cccc(Oc2ccc(F)cc2)c1,-0.08
O=C(O)c1cccc(-c2cccc(I)c2)c1,0.13
O=C(O)c1cccc(-c2ccc(I)cc2)c1,0.14
O=C(O)c1cccc(-c2cccc([N+](=O)[O-])c2)c1,0.21
O=C(O)c1cccc(-c2ccc([N+](=O)[O-])cc2)c1,0.25
O=C(O)c1cccc(Sc2ccc([N+](=O)[O-])cc2)c1,0.32
O=C(O)c1cccc(S(=O)c2ccc([N+](=O)[O-])cc2)c1,0.58
O=C(O)c1cccc(-n2nc3ccccc3n2)c1,0.49
O=C(O)c1cccc(-c2ccccc2)c1,0.06
O=C(O)c1cccc(/[N+]([O-])=N/S(=O)(=O)c2ccccc2)c1,0.69
O=C(O)c1cccc(/N=N/c2ccccc2)c1,0.32
O=C(O)c1cccc(Oc2ccccc2)c1,0.25
O=C(O)c1cccc(S(=O)c2ccccc2)c1,0.5
CC(=O)c1ccc(-c2cccc(C(=O)O)c2)o1,0.24
CC1=CC=CC(c2cccc(C(=O)O)c2)O1,0.38
O=C(O)c1cccc(S(=O)(=O)c2ccccc2)c1,0.62
O=C(O)c1cccc(OS(=O)(=O)c2ccccc2)c1,0.36
O=C(O)c1cccc(Sc2ccccc2)c1,0.23
O=C(O)c1cccc(Nc2ccccc2)c1,-0.02
O=C(O)c1cccc(NS(=O)(=O)c2ccccc2)c1,0.16
O=C(O)c1cccc(S(=O)(=O)Nc2ccccc2)c1,0.56
CCc1ccc(-c2cccc(C(=O)O)c2)o1,0.09
Cc1ccc(C)n1-c1cccc(C(=O)O)c1,0.49
O=C(O)c1cccc(C2=CCCCC2)c1,-0.1
O=C(O)c1cccc(C2CCCCC2)c1,-0.05
CCCN(CCC)c1cccc(C(=O)O)c1,-0.26
CN(C)CCCCc1cccc(C(=O)O)c1,-0.08
CC(C)P(=O)(c1cccc(C(=O)O)c1)C(C)C,0.37
CC(C)P(c1cccc(C(=O)O)c1)C(C)C,0.02
CCCOP(=O)(OCCC)c1cccc(C(=O)O)c1,0.38
CC[Ge](CC)(CC)c1cccc(C(=O)O)c1,0.0
C[N+](C)(C)CCCc1cccc(C(=O)O)c1,0.06
CCO[Si](OCC)(OCC)c1cccc(C(=O)O)c1,0.02
CC[P+](CC)(CC)c1cccc(C(=O)O)c1,0.99
CC[Sn](CC)(CC)c1cccc(C(=O)O)c1,0.0
O=C(O)c1cccc(P(=NS(=O)(=O)C(F)(F)F)(C(F)(F)C(F)(F)C(F)(F)F)C(F)(F)C(F)(F)C(F)(F)F)c1,1.24
CN(C)[Si](c1cccc(C(=O)O)c1)(N(C)C)N(C)C,-0.04
O=C(O)c1cccc(-c2nc3ccccc3o2)c1,0.3
O=C(O)c1cccc(-c2nc3ccccc3s2)c1,0.27
O=C(O)c1cccc(C(=O)c2ccccc2)c1,0.34
O=C(O)c1cccc(OC(=O)c2ccccc2)c1,0.21
O=C(O)c1cccc(C(=O)Oc2ccccc2)c1,0.37
O=C(O)c1cccc(/N=C/c2ccccc2)c1,-0.08
O=C(O)c1cccc(/C=N/c2ccccc2)c1,0.35
O=C(O)c1cccc(NC(=O)c2ccccc2)c1,0.02
O=C(O)c1cccc(C(=O)Nc2ccccc2)c1,0.23
Cc1ccc(-c2cccc(C(=O)O)c2)cc1,0.06
O=C(O)c1cccc(Cc2ccccc2)c1,-0.08
Cc1ccc(O)c(/N=N/c2cccc(C(=O)O)c2)c1,0.27
COc1ccc(-c2cccc(C(=O)O)c2)cc1,0.05
O=C(O)c1cccc(C(O)c2ccccc2)c1,0.0
O=C(O)c1cccc(COc2ccccc2)c1,0.06
O=C(O)c1cccc(CS(=O)(=O)c2ccccc2)c1,0.15
CCC(CC)(CC)c1cccc(C(=O)O)c1,-0.07
CCCCCCCc1cccc(C(=O)O)c1,-0.07
C[Si](C)(C)O[Si](C)(O[Si](C)(C)C)c1cccc(C(=O)O)c1,-0.02
O=C(O)c1cccc(C(F)(F)C(F)(F)c2ccc(F)cc2)c1,0.34
O=C(O)c1cccc(C#Cc2ccccc2)c1,0.14
O=C(O)c1cccc(/C=N/C(=O)c2ccccc2)c1,0.39
O=C(O)c1cccc(C=Cc2ccccc2)c1,0.03
O=C(O)c1cccc(/C=N/NC(=O)c2ccccc2)c1,0.39
COc1ccc(/C=N/c2cccc(C(=O)O)c2)cc1,-0.07
COc1ccc(C(=O)Nc2cccc(C(=O)O)c2)cc1,0.09
Cc1ccc(S(=O)(=O)/N=C/Sc2cccc(C(=O)O)c2)cc1,0.65
CCc1ccc(-c2cccc(C(=O)O)c2)cc1,0.07
O=C(O)c1cccc(CCc2ccccc2)c1,-0.07
C/C(=N\c1cccc(C(=O)O)c1)Nc1ccccc1,0.29
C[Si](C)(c1ccccc1)c1cccc(C(=O)O)c1,0.04
Cc1ccc(S(=O)(=O)/N=S(\C)c2cccc(C(=O)O)c2)cc1,0.65
Cc1cc(C)[n+](-c2cccc(C(=O)O)c2)c(C)c1,0.62
CC(C)(C)P(=O)(c1cccc(C(=O)O)c1)C(C)(C)C,0.31
CCCCP(=O)(CCCC)c1cccc(C(=O)O)c1,0.35
CCCCOP(=O)(OCCCC)c1cccc(C(=O)O)c1,0.41
CC(C)(C)P(c1cccc(C(=O)O)c1)C(C)(C)C,0.01
O=C(O)c1cccc(/C=C/C(=O)c2ccc([N+](=O)[O-])cc2)c1,0.15
O=C(O)c1cccc(/C=C/C(=O)c2ccccc2)c1,0.18
CC(C)c1ccc(-c2cccc(C(=O)O)c2)cc1,0.08
C[Si](C)(C)O[Si](O[Si](C)(C)C)(O[Si](C)(C)C)c1cccc(C(=O)O)c1,-0.09
CC(C)(C)c1ccc(-c2cccc(C(=O)O)c2)cc1,0.07
O=C(O)c1cccc(C23CC4CC(CC(C4)C2)C3)c1,-0.12
O=C(O)c1cccc([As](c2ccccc2)c2ccccc2)c1,0.03
O=C(O)c1cccc([As](=O)(c2ccccc2)c2ccccc2)c1,0.54
O=C(O)c1cccc(N(c2ccccc2)c2ccccc2)c1,0.0
O=C(O)c1cccc(P(=O)(c2ccccc2)c2ccccc2)c1,0.38
O=C(O)c1cccc(P(c2ccccc2)c2ccccc2)c1,0.11
O=C(O)c1cccc(P(=S)(c2ccccc2)c2ccccc2)c1,0.29
CCCN(CCC)P(c1cccc(F)c1)c1cccc(C(=O)O)c1,0.2
O=C(O)c1cccc(-c2cc(=O)c3ccc4ccccc4c3o2)c1,0.37
O=C(O)c1cccc(-c2cc(=O)c3c(ccc4ccccc43)o2)c1,0.38
O=C(O)c1cccc(-c2nc3ccccc3n2-c2ccccc2)c1,0.17
O=C(O)c1cccc(C(c2ccccc2)c2ccccc2)c1,-0.03
CN1c2ccccc2[As](c2cccc(C(=O)O)c2)c2ccccc21,0.12
Cc1ccc(P(=O)(c2ccccc2)c2cccc(C(=O)O)c2)cc1,0.13
O=C(O)c1cccc(CP(=O)(c2ccccc2)c2ccccc2)c1,0.14
Cc1ccc(P(=S)(c2ccccc2)c2cccc(C(=O)O)c2)cc1,0.09
C[P+](c1ccccc1)(c1ccccc1)c1cccc(C(=O)O)c1,1.13
C[Si](c1ccccc1)(c1ccccc1)c1cccc(C(=O)O)c1,0.1
O=C(O)c1cccc(C(=O)OC(c2ccccc2)c2ccccc2)c1,0.36
Cc1ccc(P(=O)(c2ccc(C)cc2)c2cccc(C(=O)O)c2)cc1,0.17
Cc1ccc(P(=S)(c2ccc(C)cc2)c2cccc(C(=O)O)c2)cc1,0.2
Cc1ccc([P+](C)(c2ccccc2)c2cccc(C(=O)O)c2)cc1,1.09
Cc1ccc([P+](C)(c2ccc(C)cc2)c2cccc(C(=O)O)c2)cc1,1.13
O=C(O)c1cccc([Ge](c2ccccc2)(c2ccccc2)c2ccccc2)c1,0.05
Cc1cc(-c2ccccc2)cc(-c2ccccc2)[n+]1-c1cccc(C(=O)O)c1,0.65
O=C(O)c1cccc(N=P(c2ccccc2)(c2ccccc2)c2ccccc2)c1,-0.33
O=C(O)c1cccc([Si](c2ccccc2)(c2ccccc2)c2ccccc2)c1,-0.03
O=C(O)c1cccc([Sn](c2ccccc2)(c2ccccc2)c2ccccc2)c1,0.53
O=C(O)c1cccc(C(c2ccccc2)(c2ccccc2)c2ccccc2)c1,-0.01
O=C(O)c1cccc(-[n+]2c(-c3ccccc3)cc(-c3ccccc3)cc2-c2ccccc2)c1,0.34
O=C(O)c1ccc(B(F)F)cc1,0.48
O=C(O)c1ccc(Br)cc1,0.23
O=C(O)c1ccc([Ge](Br)(Br)Br)cc1,0.73
O=C(O)c1ccc([Si](Br)(Br)Br)cc1,0.57
O=C(O)c1ccc(Cl)cc1,0.23
O=C(O)c1ccc([Hg]Cl)cc1,0.35
O=C(O)c1ccc(S(=O)(=O)Cl)cc1,1.11
O=C(O)c1ccc(SCl)cc1,0.48
O=C(O)c1ccc(I(Cl)Cl)cc1,1.11
O=C(O)c1ccc(P(=O)(Cl)Cl)cc1,0.9
O=C(O)c1ccc(P(Cl)Cl)cc1,0.61
O=C(O)c1ccc(P(=S)(Cl)Cl)cc1,0.8
O=C(O)c1ccc([Ge](Cl)(Cl)Cl)cc1,0.79
O=C(O)c1ccc([Si](Cl)(Cl)Cl)cc1,0.56
O=C(O)c1ccc(F)cc1,0.06
O=C(O)c1ccc([Hg]F)cc1,0.33
O=C(O)c1ccc(S(=O)F)cc1,0.83
O=C(O)c1ccc(S(=O)(=O)F)cc1,0.91
O=C(O)c1ccc(I(F)F)cc1,0.83
O=C(O)c1ccc(P(=O)(F)F)cc1,0.89
O=C(O)c1ccc(P(F)F)cc1,0.59
O=C(O)c1ccc([Ge](F)(F)F)cc1,0.97
O=C(O)c1ccc(S(F)(F)F)cc1,0.8
O=C(O)c1ccc([Si](F)(F)F)cc1,0.69
O=C(O)c1ccc(I(F)(F)(F)F)cc1,1.15
O=C(O)c1ccc(P(F)(F)(F)F)cc1,0.8
O=C(O)c1ccc(S(F)(F)(F)(F)F)cc1,0.68
O=C(O)c1ccc(I)cc1,0.18
O=Ic1ccc(C(=O)O)cc1,0.62
O=C(O)c1ccc(I(=O)=O)cc1,0.78
O=Nc1ccc(C(=O)O)cc1,0.91
O=C(O)c1ccc([N+](=O)[O-])cc1,0.78
O=C(O)c1ccc(O[N+](=O)[O-])cc1,0.7
N#[N+]c1ccc(C(=O)O)cc1,1.91
O=C(O)c1ccc(N=[N+]([O-])[O-])cc1,-0.43
[N-]=[N+]=Nc1ccc(C(=O)O)cc1,0.08
O=C(O)c1ccc([O-])cc1,-0.81
O=C(O)c1ccc(S(=O)[O-])cc1,-0.05
O=C(O)c1ccc(S(=O)(=O)[O-])cc1,0.35
O=C(O)c1ccc([S-])cc1,-1.21
O=C(O)c1ccc([As](=O)([O-])O)cc1,-0.02
O=C(O)c1ccc(N[N+](=O)[O-])cc1,0.57
O=C(O)c1ccc(O)cc1,-0.37
O=C(O)c1ccc(S(=O)O)cc1,-0.07
O=C(O)c1ccc(P(=O)([O-])O)cc1,0.26
O=C(O)c1ccc(OP(=O)([O-])O)cc1,0.0
O=C(O)c1ccc(S)cc1,0.15
O=C(O)c1ccc(B(O)O)cc1,0.12
Nc1ccc(C(=O)O)cc1,-0.66
O=C(O)c1ccc(NO)cc1,-0.34
NS(=O)(=O)c1ccc(C(=O)O)cc1,0.6
O=C(O)c1ccc(P(=O)(O)O)cc1,0.42
O=C(O)c1ccc(P)cc1,0.05
O=C(O)c1ccc([B-](O)(O)O)cc1,-0.44
O=C(O)c1ccc([GeH3])cc1,0.01
[NH3+]c1ccc(C(=O)O)cc1,0.6
NNc1ccc(C(=O)O)cc1,-0.55
O=C(O)c1ccc([SiH3])cc1,0.1
O=C(O)c1ccc(C(Br)(Br)Br)cc1,0.29
O=C(O)c1ccc(C(F)(F)Cl)cc1,0.46
O=C(O)c1ccc(-n2nnnc2Cl)cc1,0.61
O=C(O)c1ccc(C(=O)Cl)cc1,0.61
O=C(O)c1ccc(N=C(Cl)Cl)cc1,0.13
O=C(O)c1ccc(C(Cl)(Cl)Cl)cc1,0.46
O=C(O)c1ccc(OC(Cl)(Cl)Cl)cc1,0.35
O=C(O)c1ccc(C(=O)F)cc1,0.7
O=C(O)c1ccc(C(F)(F)F)cc1,0.54
O=C(O)c1ccc([Hg]C(F)(F)F)cc1,0.32
O=C(O)c1ccc([Hg]SC(F)(F)F)cc1,0.42
O=C(O)c1ccc(I=NS(=O)(=O)C(F)(F)F)cc1,1.35
O=C(O)c1ccc(N=NC(F)(F)F)cc1,0.68
O=C(O)c1ccc(OC(F)(F)F)cc1,0.35
O=C(O)c1ccc(S(=O)C(F)(F)F)cc1,0.69
O=C(O)c1ccc([Se](=O)C(F)(F)F)cc1,0.83
O=C(O)c1ccc(S(=O)(=O)C(F)(F)F)cc1,0.96
O=C(O)c1ccc([Se](=O)(=O)C(F)(F)F)cc1,1.21
O=C(O)c1ccc(OS(=O)(=O)C(F)(F)F)cc1,0.53
O=C(O)c1ccc(SC(F)(F)F)cc1,0.5
O=C(O)c1ccc([Se]C(F)(F)F)cc1,0.45
N#C[Hg]c1ccc(C(=O)O)cc1,0.34
N#Cc1ccc(C(=O)O)cc1,0.66
[C-]#[N+]c1ccc(C(=O)O)cc1,0.49
O=C=Nc1ccc(C(=O)O)cc1,0.19
N#COc1ccc(C(=O)O)cc1,0.54
N#CS(=O)(=O)c1ccc(C(=O)O)cc1,1.26
O=C(O)c1ccc(N=C=S)cc1,0.38
N#CSc1ccc(C(=O)O)cc1,0.52
N#C[Se]c1ccc(C(=O)O)cc1,0.66
N#CN=Nc1ccc(C(=O)O)cc1,1.03
N#C/N=[N+](\[O-])c1ccc(C(=O)O)cc1,0.89
O=C(O)c1ccc(C([N+](=O)[O-])([N+](=O)[O-])[N+](=O)[O-])cc1,0.82
[N-]=[N+]=Nc1nnnn1-c1ccc(C(=O)O)cc1,0.54
O=C([O-])c1ccc(C(=O)O)cc1,0.0
O=C(O)c1ccc(C(Br)Br)cc1,0.32
O=C(O)c1ccc(C(Cl)Cl)cc1,0.32
O=C(O)c1ccc(OC(Cl)Cl)cc1,0.26
O=C(O)c1ccc(C(F)F)cc1,0.32
O=C(O)c1ccc(OC(F)F)cc1,0.18
O=C(O)c1ccc(S(=O)C(F)F)cc1,0.58
O=C(O)c1ccc(S(=O)(=O)C(F)F)cc1,0.86
O=C(O)c1ccc(SC(F)F)cc1,0.37
N=S(=O)(c1ccc(C(=O)O)cc1)C(F)(F)F,0.84
O=C(O)c1ccc(NS(=O)(=O)C(F)(F)F)cc1,0.39
O=C(O)c1ccc(C(I)I)cc1,0.26
N#CNc1ccc(C(=O)O)cc1,0.06
O=C(O)c1ccc(-n2cnnn2)cc1,0.5
O=C(O)c1ccc(-c2nnn[nH]2)cc1,0.56
O=C(O)c1ccc(-n2nnnc2O)cc1,0.33
O=C(O)c1ccc(-n2nnnc2S)cc1,0.45
O=C(O)c1ccc(Nc2nnns2)cc1,0.19
O=Cc1ccc(C(=O)O)cc1,0.42
O=C(O)c1ccc(C(=O)O)cc1,0.45
O=C(O)c1ccc(CBr)cc1,0.14
O=C(O)c1ccc(CCl)cc1,0.12
O=C(O)c1ccc(OCCl)cc1,0.08
O=C(O)c1ccc(CF)cc1,0.11
O=C(O)c1ccc(OCF)cc1,0.02
O=C(O)c1ccc(SCF)cc1,0.2
O=C(O)c1ccc(CI)cc1,0.11
O=CNc1ccc(C(=O)O)cc1,0.0
NC(=O)c1ccc(C(=O)O)cc1,0.36
NC(=S)c1ccc(C(=O)O)cc1,0.3
O=C(O)c1ccc(/C=N/O)cc1,0.1
NC(=O)N=[N+]([O-])c1ccc(C(=O)O)cc1,0.63
Cc1ccc(C(=O)O)cc1,-0.17
C[Si](Cl)(Cl)c1ccc(C(=O)O)cc1,0.39
C[Si](F)(F)c1ccc(C(=O)O)cc1,0.23
C[Hg]c1ccc(C(=O)O)cc1,0.1
O=C(O)c1ccc(NCS(=O)(=O)[O-])cc1,-0.57
NC(=O)Nc1ccc(C(=O)O)cc1,-0.24
CN(c1ccc(C(=O)O)cc1)[N+](=O)[O-],0.61
NC(=S)Nc1ccc(C(=O)O)cc1,0.16
COc1ccc(C(=O)O)cc1,-0.27
O=C(O)c1ccc(CO)cc1,0.0
CS(=O)c1ccc(C(=O)O)cc1,0.49
COSc1ccc(C(=O)O)cc1,0.17
CS(=O)Oc1ccc(C(=O)O)cc1,0.45
COS(=O)c1ccc(C(=O)O)cc1,0.54
CS(=O)(=O)c1ccc(C(=O)O)cc1,0.72
CS(=O)(=O)Sc1ccc(C(=O)O)cc1,0.54
CS(=O)(=O)Oc1ccc(C(=O)O)cc1,0.36
CSc1ccc(C(=O)O)cc1,0.0
CSSc1ccc(C(=O)O)cc1,0.13
C[Se]c1ccc(C(=O)O)cc1,0.0
CNc1ccc(C(=O)O)cc1,-0.7
NCc1ccc(C(=O)O)cc1,-0.11
CS(=O)(=O)Nc1ccc(C(=O)O)cc1,0.03
[NH3+]Cc1ccc(C(=O)O)cc1,0.53
O=C(O)c1ccc(N(C(=O)F)C(=O)F)cc1,0.57
O=C(O)c1ccc([Hg]OC(=O)C(F)(F)F)cc1,0.52
O=C(O)c1ccc(C(=O)C(F)(F)F)cc1,0.8
O=C(O)c1ccc(SC(=O)C(F)(F)F)cc1,0.46
O=C(O)c1ccc(OC(=O)C(F)(F)F)cc1,0.46
O=C(O)c1ccc(N(C(=O)F)C(F)(F)F)cc1,0.5
O=C(O)c1ccc(C(F)(F)C(F)(F)F)cc1,0.52
O=C(O)c1ccc(OC(F)(F)C(F)(F)F)cc1,0.28
O=C(O)c1ccc(S(=O)(=O)C(F)(F)C(F)(F)F)cc1,1.08
O=C(O)c1ccc(SC(F)(F)C(F)(F)F)cc1,0.48
O=C(O)c1ccc(N(C(F)(F)F)C(F)(F)F)cc1,0.53
O=C(O)c1ccc(/S(=N/S(=O)(=O)C(F)(F)F)C(F)(F)F)cc1,1.28
O=C(O)c1ccc(S(=O)(=NS(=O)(=O)C(F)(F)F)C(F)(F)F)cc1,1.4
O=C(O)c1ccc(N(S(=O)(=O)C(F)(F)F)S(=O)(=O)C(F)(F)F)cc1,0.83
O=C(O)c1ccc(P(C(F)(F)F)C(F)(F)F)cc1,0.69
N#CP(C#N)c1ccc(C(=O)O)cc1,0.9
C#Cc1ccc(C(=O)O)cc1,0.23
O=C(O)c1ccc(OC(F)(F)C(F)Cl)cc1,0.28
O=C(O)c1ccc(NC(=O)C(F)(F)F)cc1,0.12
O=C(O)c1ccc(/C=N/S(=O)(=O)C(F)(F)F)cc1,1.0
O=C(O)c1ccc(OC(F)(F)C(F)F)cc1,0.25
O=C(O)c1ccc(SC(F)(F)C(F)F)cc1,0.47
O=C(O)c1ccc(-n2nnnc2SS2=NN=NN2)cc1,0.64
C#CSc1ccc(C(=O)O)cc1,0.19
O=C(O)c1ccc(S/C=C/Cl)cc1,0.24
O=C(O)c1ccc([Se]/C=C/Cl)cc1,0.26
O=C(O)c1ccc(CC(F)(F)F)cc1,0.09
O=C(O)c1ccc(CS(=O)C(F)(F)F)cc1,0.24
O=C(O)c1ccc(CS(=O)(=O)C(F)(F)F)cc1,0.31
O=C(O)c1ccc(CSC(F)(F)F)cc1,0.15
N#CCc1ccc(C(=O)O)cc1,0.18
O=C(O)c1ccc(C=C[N+](=O)[O-])cc1,0.26
O=C([O-])Cc1ccc(C(=O)O)cc1,-0.16
N#CSCc1ccc(C(=O)O)cc1,0.14
C=Cc1ccc(C(=O)O)cc1,-0.04
O=C(CCl)Nc1ccc(C(=O)O)cc1,-0.03
CN(c1ccc(C(=O)O)cc1)S(=O)(=O)C(F)(F)F,0.44
CC(=O)O[Hg]c1ccc(C(=O)O)cc1,0.4
CC(c1ccc(C(=O)O)cc1)([N+](=O)[O-])[N+](=O)[O-],0.61
O=C(O)c1ccc(C2CO2)cc1,0.03
C=COc1ccc(C(=O)O)cc1,-0.09
CC(=O)c1ccc(C(=O)O)cc1,0.5
CC(=O)Sc1ccc(C(=O)O)cc1,0.44
CC(=O)Oc1ccc(C(=O)O)cc1,0.31
COC(=O)c1ccc(C(=O)O)cc1,0.45
O=C(O)c1ccc(C2CS2)cc1,0.01
C=CSc1ccc(C(=O)O)cc1,0.2
C=C[Se]c1ccc(C(=O)O)cc1,0.21
O=C(O)c1ccc(N2CC2)cc1,-0.22
O=C(O)c1ccc(C2CN2)cc1,-0.1
CN1OC1c1ccc(C(=O)O)cc1,0.12
COC(=O)Nc1ccc(C(=O)O)cc1,-0.17
CC(=O)Nc1ccc(C(=O)O)cc1,0.0
CNC(=O)c1ccc(C(=O)O)cc1,0.36
CO/N=C/c1ccc(C(=O)O)cc1,0.3
NC(=O)Cc1ccc(C(=O)O)cc1,0.07
CC(=S)Nc1ccc(C(=O)O)cc1,0.12
CNC(=S)c1ccc(C(=O)O)cc1,0.34
NC(=S)N/N=C/c1ccc(C(=O)O)cc1,0.4
O=C(O)c1ccc(OCC[O-])cc1,-0.12
CCc1ccc(C(=O)O)cc1,-0.15
NNC(=O)N/N=C/c1ccc(C(=O)O)cc1,0.16
CCOc1ccc(C(=O)O)cc1,-0.24
CC(O)c1ccc(C(=O)O)cc1,-0.07
COCc1ccc(C(=O)O)cc1,0.01
CCS(=O)(=O)c1ccc(C(=O)O)cc1,0.77
CCSc1ccc(C(=O)O)cc1,0.03
CN(C)P(Cl)c1ccc(C(=O)O)cc1,0.56
N[C+](N)SCc1ccc(C(=O)O)cc1,0.15
C[Si](C)(Cl)c1ccc(C(=O)O)cc1,0.21
C[Si](C)(F)c1ccc(C(=O)O)cc1,0.17
CCNc1ccc(C(=O)O)cc1,-0.61
CN(C)c1ccc(C(=O)O)cc1,-0.83
CN(c1ccc(C(=O)O)cc1)S(C)(=O)=O,0.24
CN(C)S(=O)(=O)c1ccc(C(=O)O)cc1,0.65
CS(=O)(=O)N(c1ccc(C(=O)O)cc1)S(C)(=O)=O,0.49
CN(C)Sc1ccc(C(=O)O)cc1,0.09
CN(C)N=Nc1ccc(C(=O)O)cc1,-0.03
Cn1c2cc(C(=O)O)ccc2n[n+]1C,1.17
CP(C)(=O)c1ccc(C(=O)O)cc1,0.5
COP(=O)(OC)c1ccc(C(=O)O)cc1,0.53
CP(C)c1ccc(C(=O)O)cc1,0.06
C[S+](C)c1ccc(C(=O)O)cc1,0.9
Cc1ccc(S(=O)(=O)S(C)(C)c2ccc(C(=O)O)cc2)cc1,0.96
[NH3+]CCc1ccc(C(=O)O)cc1,0.17
C[SiH](C)c1ccc(C(=O)O)cc1,0.04
O=C(O)c1ccc(C#CC(F)(F)F)cc1,0.51
O=C(O)c1ccc(/C(F)=C(\F)C(F)(F)F)cc1,0.46
O=C(O)c1ccc(N=C(C(F)(F)F)C(F)(F)F)cc1,0.23
O=C(O)c1ccc(C(F)(F)C(F)(F)C(F)(F)F)cc1,0.48
O=C(O)c1ccc(C(F)(C(F)(F)F)C(F)(F)F)cc1,0.53
O=C(O)c1ccc(S(=O)(=O)C(F)(F)C(F)(F)C(F)(F)F)cc1,1.09
O=C(O)c1ccc(S(=O)(=O)C(F)(C(F)(F)F)C(F)(F)F)cc1,1.1
O=C(O)c1ccc(SC(F)(F)C(F)(F)C(F)(F)F)cc1,0.48
O=C(O)c1ccc(SC(F)(C(F)(F)F)C(F)(F)F)cc1,0.51
O=C(O)c1ccc([Te]C(F)(F)C(F)(F)C(F)(F)F)cc1,0.48
O=C(O)c1ccc(C(O)(C(F)(F)F)C(F)(F)F)cc1,0.3
O=C(O)c1ccc(C(SC(F)(F)F)SC(F)(F)F)cc1,0.44
N#CC(C#N)c1ccc(C(=O)O)cc1,0.52
O=C(O)c1ccc(/C=C\C(F)(F)F)cc1,0.17
O=C(O)c1ccc(/C=C/C(F)(F)F)cc1,0.27
O=C(O)c1ccc(/C=C/S(=O)(=O)C(F)(F)F)cc1,0.55
N#C/C=C/c1ccc(C(=O)O)cc1,0.17
CC#Cc1ccc(C(=O)O)cc1,0.03
CN(C(=O)C(F)(F)F)c1ccc(C(=O)O)cc1,0.39
O=C/C=C/c1ccc(C(=O)O)cc1,0.13
O=C(O)c1ccc(C2CC2)cc1,-0.21
C=C(C)c1ccc(C(=O)O)cc1,0.05
C/C=C/c1ccc(C(=O)O)cc1,-0.09
C=CCc1ccc(C(=O)O)cc1,-0.14
CCC(c1ccc(C(=O)O)cc1)([N+](=O)[O-])[N+](=O)[O-],0.64
C=CCOc1ccc(C(=O)O)cc1,-0.25
CCC(=O)c1ccc(C(=O)O)cc1,0.48
CCOC(=O)c1ccc(C(=O)O)cc1,0.45
CC(=O)OCc1ccc(C(=O)O)cc1,0.05
O=C(O)CCc1ccc(C(=O)O)cc1,-0.07
C=CCSc1ccc(C(=O)O)cc1,0.12
C=CC[Se]c1ccc(C(=O)O)cc1,0.12
CC(=O)N(C)c1ccc(C(=O)O)cc1,0.26
CC(=O)NCc1ccc(C(=O)O)cc1,-0.05
CCOC(=O)Nc1ccc(C(=O)O)cc1,-0.15
CC(C)(c1ccc(C(=O)O)cc1)[N+](=O)[O-],0.2
CC(C)c1ccc(C(=O)O)cc1,-0.15
CCCc1ccc(C(=O)O)cc1,-0.13
CCNC(=O)Nc1ccc(C(=O)O)cc1,-0.26
CCNC(=S)Nc1ccc(C(=O)O)cc1,0.07
CC(C)Oc1ccc(C(=O)O)cc1,-0.45
CCCOc1ccc(C(=O)O)cc1,-0.25
CC(O)Cc1ccc(C(=O)O)cc1,-0.17
CC(C)(OO)c1ccc(C(=O)O)cc1,-0.14
CC(C)Sc1ccc(C(=O)O)cc1,0.07
CN(C)Cc1ccc(C(=O)O)cc1,0.01
C[Ge](C)(C)c1ccc(C(=O)O)cc1,0.0
C[N+](C)(C)c1ccc(C(=O)O)cc1,0.82
C[NH+](C)Cc1ccc(C(=O)O)cc1,0.43
CO[Si](C)(C)c1ccc(C(=O)O)cc1,-0.02
C[Si](C)(C)Oc1ccc(C(=O)O)cc1,-0.27
CO[Si](C)(OC)c1ccc(C(=O)O)cc1,0.1
CO[Si](OC)(OC)c1ccc(C(=O)O)cc1,0.13
C[P+](C)(C)c1ccc(C(=O)O)cc1,0.73
C[Si](C)(C)c1ccc(C(=O)O)cc1,-0.07
C[Sn](C)(C)c1ccc(C(=O)O)cc1,0.0
O=C(O)c1ccc(I(OC(=O)C(F)(F)F)OC(=O)C(F)(F)F)cc1,1.34
O=C(O)c1ccc(C2(F)C(F)(F)C(F)(F)C2(F)F)cc1,0.53
O=C(O)c1ccc(C(=O)C(F)(F)C(F)(F)C(F)(F)F)cc1,0.79
O=C(O)c1ccc(C(C(F)(F)F)(C(F)(F)F)C(F)(F)F)cc1,0.55
O=C(O)c1ccc(C(F)(F)C(F)(F)C(F)(F)C(F)(F)F)cc1,0.52
O=C(O)c1ccc(S(=O)(=O)C(C(F)(F)F)(C(F)(F)F)C(F)(F)F)cc1,1.13
O=C(O)c1ccc(SC(C(F)(F)F)(C(F)(F)F)C(F)(F)F)cc1,0.58
O=C(O)c1ccc(C(SC(F)(F)F)(SC(F)(F)F)SC(F)(F)F)cc1,0.53
O=C(O)c1ccc([Se]C(C(F)(F)F)(C(F)(F)F)C(F)(F)F)cc1,0.54
N#CC(C#N)(C#N)c1ccc(C(=O)O)cc1,0.96
O=C(O)c1ccc(C2(O)C(F)(F)C(F)(F)C2(F)F)cc1,0.37
N#CC(C#N)=Cc1ccc(C(=O)O)cc1,0.84
O=C(O)c1ccc(-c2ccc(Br)o2)cc1,0.0
O=C(O)c1ccc(N2C(=O)C=CC2=O)cc1,0.27
O=C(O)c1ccc(N2C(=O)CC(Cl)C2=O)cc1,0.46
O=C(O)c1ccc(-c2cccnn2)cc1,0.48
CC(C#N)(C#N)c1ccc(C(=O)O)cc1,0.57
O=C(O)c1ccc(-c2ccncn2)cc1,0.63
O=C(O)c1ccc(-c2ncccn2)cc1,0.53
O=C(O)c1ccc(-c2cncnc2)cc1,0.39
O=C(O)c1ccc(-c2ccco2)cc1,0.02
O=C(O)c1ccc(-c2cccs2)cc1,0.05
O=C(O)c1ccc(-c2ccsc2)cc1,-0.02
O=C(O)c1ccc(-c2ccc[se]2)cc1,0.04
O=C(O)c1ccc(-c2ccc[te]2)cc1,0.03
O=C(O)c1ccc(-n2cccc2)cc1,0.37
O=C(O)c1ccc(N2C(=O)CCC2=O)cc1,0.31
CC(=O)/C=C/c1ccc(C(=O)O)cc1,-0.01
CC(=O)N(C(C)=O)c1ccc(C(=O)O)cc1,0.33
O=C(O)c1ccc(C2CCC2)cc1,-0.14
CC(C)C(=O)c1ccc(C(=O)O)cc1,0.47
CC(C)C(=O)Nc1ccc(C(=O)O)cc1,-0.1
CC(C)(C)c1ccc(C(=O)O)cc1,-0.2
CCC(C)c1ccc(C(=O)O)cc1,-0.12
CC(C)Cc1ccc(C(=O)O)cc1,-0.12
CCCCc1ccc(C(=O)O)cc1,-0.16
CCCCOc1ccc(C(=O)O)cc1,-0.32
CC(C)(O)Cc1ccc(C(=O)O)cc1,-0.17
COC(OC)(OC)c1ccc(C(=O)O)cc1,-0.04
CC[As](CC)c1ccc(C(=O)O)cc1,0.0
CC[As](=O)(CC)c1ccc(C(=O)O)cc1,0.44
CC[As](=S)(CC)c1ccc(C(=O)O)cc1,0.44
CCCCNc1ccc(C(=O)O)cc1,-0.51
CCN(CC)c1ccc(C(=O)O)cc1,-0.72
CCP(=O)(CC)c1ccc(C(=O)O)cc1,0.47
CCOP(=O)(/N=N\c1ccc(C(=O)O)cc1)OCC,0.74
CCOP(=O)(OCC)c1ccc(C(=O)O)cc1,0.6
CCP(CC)c1ccc(C(=O)O)cc1,0.13
CCP(=S)(CC)c1ccc(C(=O)O)cc1,0.46
C[N+](C)(C)Cc1ccc(C(=O)O)cc1,0.44
C[NH+](C)CCc1ccc(C(=O)O)cc1,0.14
C[Si](C)(C)OCc1ccc(C(=O)O)cc1,-0.05
C[Si](C)(C)Cc1ccc(C(=O)O)cc1,-0.21
CN(C)P(=O)(c1ccc(C(=O)O)cc1)N(C)C,0.4
CN(C)P(c1ccc(C(=O)O)cc1)N(C)C,0.25
N#CC(C#N)=C(C#N)c1ccc(C(=O)O)cc1,0.98
N#Cc1ccc(-c2ccc(C(=O)O)cc2)o1,0.1
O=Cc1ccc(-c2ccc(C(=O)O)cc2)o1,-0.05
O=C(O)c1ccc(-c2ccccn2)cc1,0.17
O=C(O)c1ccc(-c2cccnc2)cc1,0.25
O=C(O)c1ccc(-c2ccncc2)cc1,0.44
Cc1nc(C)nc(-c2ccc(C(=O)O)cc2)n1,0.39
O=C(O)c1ccc(C2=CCCC2)cc1,-0.05
CCOC(=O)/C=C/c1ccc(C(=O)O)cc1,0.03
O=C(O)c1ccc(C2CCCC2)cc1,-0.14
CC(C)(C)C(=O)c1ccc(C(=O)O)cc1,0.32
CCCCOC(=O)Nc1ccc(C(=O)O)cc1,-0.05
CCC(C)(C)c1ccc(C(=O)O)cc1,-0.18
CC(C)(C)Cc1ccc(C(=O)O)cc1,-0.17
CCCCCc1ccc(C(=O)O)cc1,-0.15
CCCCCOc1ccc(C(=O)O)cc1,-0.34
CCOP(=O)(Cc1ccc(C(=O)O)cc1)OCC,0.06
C[N+](C)(C)CCc1ccc(C(=O)O)cc1,0.13
C[Si](C)(C)CCc1ccc(C(=O)O)cc1,-0.17
C[Si](C)(C)O[Si](C)(C)c1ccc(C(=O)O)cc1,-0.01
O=C(O)c1ccc(-c2c(Cl)c(Cl)c(Cl)c(Cl)c2Cl)cc1,0.24
O=C(O)c1ccc(-c2c(F)c(F)c(F)c(F)c2F)cc1,0.27
O=C(O)c1ccc(P(=O)(C(F)(F)C(F)(F)C(F)(F)F)C(F)(F)C(F)(F)C(F)(F)F)cc1,1.1
O=C(O)c1ccc(OP(=O)(C(F)(F)C(F)(F)C(F)(F)F)C(F)(F)C(F)(F)C(F)(F)F)cc1,0.56
O=C(O)c1ccc(NP(=O)(C(F)(F)C(F)(F)C(F)(F)F)C(F)(F)C(F)(F)C(F)(F)F)cc1,0.18
O=C(O)c1ccc(-c2c([N+](=O)[O-])cc([N+](=O)[O-])cc2[N+](=O)[O-])cc1,0.3
O=C(O)c1ccc(-c2cccc(Br)c2)cc1,0.08
O=C(O)c1ccc(-c2ccc(Br)cc2)cc1,0.12
O=C(O)c1ccc(-c2cccc(Cl)c2)cc1,0.1
O=C(O)c1ccc(-c2ccc(Cl)cc2)cc1,0.12
O=C(O)c1ccc(-c2cccc(F)c2)cc1,0.1
O=C(O)c1ccc(-c2ccc(F)cc2)cc1,0.06
O=C(O)c1ccc(Oc2ccc(F)cc2)cc1,-0.1
O=C(O)c1ccc(-c2cccc(I)c2)cc1,0.06
O=C(O)c1ccc(-c2ccc(I)cc2)cc1,0.1
O=C(O)c1ccc(-c2cccc([N+](=O)[O-])c2)cc1,0.2
O=C(O)c1ccc(-c2ccc([N+](=O)[O-])cc2)cc1,0.26
O=C(O)c1ccc(Sc2ccc([N+](=O)[O-])cc2)cc1,0.24
O=C(O)c1ccc(S(=O)c2ccc([N+](=O)[O-])cc2)cc1,0.6
O=C(O)c1ccc(-n2nc3ccccc3n2)cc1,0.51
O=C(O)c1ccc(-c2ccccc2)cc1,-0.01
O=C(O)c1ccc(/[N+]([O-])=N\S(=O)(=O)c2ccccc2)cc1,0.79
O=C(O)c1ccc(N=Nc2ccccc2)cc1,0.39
O=C(O)c1ccc(Oc2ccccc2)cc1,-0.03
O=C(O)c1ccc(S(=O)c2ccccc2)cc1,0.44
CC(=O)c1ccc(-c2ccc(C(=O)O)cc2)o1,0.08
CC1=CC=CC(c2ccc(C(=O)O)cc2)O1,0.43
O=C(O)c1ccc(S(=O)(=O)c2ccccc2)cc1,0.68
O=C(O)c1ccc(OS(=O)(=O)c2ccccc2)cc1,0.33
O=C(O)c1ccc(Sc2ccccc2)cc1,0.07
O=C(O)c1ccc(Nc2ccccc2)cc1,-0.56
O=C(O)c1ccc(NS(=O)(=O)c2ccccc2)cc1,0.01
O=C(O)c1ccc(S(=O)(=O)Nc2ccccc2)cc1,0.65
CCc1ccc(-c2ccc(C(=O)O)cc2)o1,-0.13
Cc1ccc(C)n1-c1ccc(C(=O)O)cc1,0.38
O=C(O)c1ccc(C2=CCCCC2)cc1,-0.08
O=C(O)c1ccc(C2CCCCC2)cc1,-0.15
CCCN(CCC)c1ccc(C(=O)O)cc1,-0.93
CN(C)CCCCc1ccc(C(=O)O)cc1,-0.16
CC(C)P(=O)(c1ccc(C(=O)O)cc1)C(C)C,0.41
CC(C)P(c1ccc(C(=O)O)cc1)C(C)C,0.06
CCCOP(=O)(OCCC)c1ccc(C(=O)O)cc1,0.5
CC[Ge](CC)(CC)c1ccc(C(=O)O)cc1,0.0
C[N+](C)(C)CCCc1ccc(C(=O)O)cc1,-0.01
CCO[Si](OCC)(OCC)c1ccc(C(=O)O)cc1,0.08
CC[P+](CC)(CC)c1ccc(C(=O)O)cc1,0.98
CC[Sn](CC)(CC)c1ccc(C(=O)O)cc1,0.0
O=C(O)c1ccc(P(=NS(=O)(=O)C(F)(F)F)(C(F)(F)C(F)(F)C(F)(F)F)C(F)(F)C(F)(F)C(F)(F)F)cc1,1.37
CN(C)[Si](c1ccc(C(=O)O)cc1)(N(C)C)N(C)C,-0.04
O=C(O)c1ccc(-c2nc3ccccc3o2)cc1,0.33
O=C(O)c1ccc(-c2nc3ccccc3s2)cc1,0.29
O=C(O)c1ccc(C(=O)c2ccccc2)cc1,0.43
O=C(O)c1ccc(OC(=O)c2ccccc2)cc1,0.13
O=C(O)c1ccc(C(=O)Oc2ccccc2)cc1,0.44
O=C(O)c1ccc(/N=C/c2ccccc2)cc1,-0.55
O=C(O)c1ccc(/C=N/c2ccccc2)cc1,0.42
O=C(O)c1ccc(NC(=O)c2ccccc2)cc1,-0.19
O=C(O)c1ccc(C(=O)Nc2ccccc2)cc1,0.41
Cc1ccc(-c2ccc(C(=O)O)cc2)cc1,-0.03
O=C(O)c1ccc(Cc2ccccc2)cc1,-0.09
Cc1ccc(O)c(/N=N/c2ccc(C(=O)O)cc2)c1,0.31
COc1ccc(-c2ccc(C(=O)O)cc2)cc1,-0.08
O=C(O)c1ccc(C(O)c2ccccc2)cc1,-0.03
O=C(O)c1ccc(COc2ccccc2)cc1,0.07
O=C(O)c1ccc(CS(=O)(=O)c2ccccc2)cc1,0.16
CCC(CC)(CC)c1ccc(C(=O)O)cc1,-0.2
CCCCCCCc1ccc(C(=O)O)cc1,-0.16
C[Si](C)(C)O[Si](C)(O[Si](C)(C)C)c1ccc(C(=O)O)cc1,-0.01
O=C(O)c1ccc(C(F)(F)C(F)(F)c2ccc(F)cc2)cc1,0.39
O=C(O)c1ccc(C#Cc2ccccc2)cc1,0.16
O=C(O)c1ccc(/C=N/C(=O)c2ccccc2)cc1,0.51
O=C(O)c1ccc(/C=C/c2ccccc2)cc1,-0.07
O=C(O)c1ccc(/C=N/NC(=O)c2ccccc2)cc1,0.51
COc1ccc(/C=N/c2ccc(C(=O)O)cc2)cc1,-0.54
COc1ccc(C(=O)Nc2ccc(C(=O)O)cc2)cc1,-0.06
Cc1ccc(S(=O)(=O)/N=C/Sc2ccc(C(=O)O)cc2)cc1,0.7
CCc1ccc(-c2ccc(C(=O)O)cc2)cc1,-0.02
O=C(O)c1ccc(CCc2ccccc2)cc1,-0.12
C/C(=N\c1ccc(C(=O)O)cc1)Nc1ccccc1,0.08
C[Si](C)(c1ccccc1)c1ccc(C(=O)O)cc1,0.07
Cc1ccc(S(=O)(=O)/N=S(\C)c2ccc(C(=O)O)cc2)cc1,0.7
Cc1cc(C)[n+](-c2ccc(C(=O)O)cc2)c(C)c1,0.58
CC(C)(C)P(=O)(c1ccc(C(=O)O)cc1)C(C)(C)C,0.41
CCCCP(=O)(CCCC)c1ccc(C(=O)O)cc1,0.49
CCCCOP(=O)(OCCCC)c1ccc(C(=O)O)cc1,0.57
CC(C)(C)P(c1ccc(C(=O)O)cc1)C(C)(C)C,0.15
O=C(O)c1ccc(/C=C/C(=O)c2ccc([N+](=O)[O-])cc2)cc1,0.05
O=C(O)c1ccc(/C=C/C(=O)c2ccccc2)cc1,0.05
CC(C)c1ccc(-c2ccc(C(=O)O)cc2)cc1,0.01
C[Si](C)(C)O[Si](O[Si](C)(C)C)(O[Si](C)(C)C)c1ccc(C(=O)O)cc1,-0.01
CC(C)(C)c1ccc(-c2ccc(C(=O)O)cc2)cc1,0.01
O=C(O)c1ccc(C23CC4CC(CC(C4)C2)C3)cc1,-0.13
O=C(O)c1ccc([As](c2ccccc2)c2ccccc2)cc1,0.09
O=C(O)c1ccc([As](=O)(c2ccccc2)c2ccccc2)cc1,0.64
O=C(O)c1ccc(N(c2ccccc2)c2ccccc2)cc1,-0.22
O=C(O)c1ccc(P(=O)(c2ccccc2)c2ccccc2)cc1,0.53
O=C(O)c1ccc(P(c2ccccc2)c2ccccc2)cc1,0.19
O=C(O)c1ccc(P(=S)(c2ccccc2)c2ccccc2)cc1,0.47
CCCN(CCC)P(c1ccc(C(=O)O)cc1)c1cccc(F)c1,0.24
O=C(O)c1ccc(-c2cc(=O)c3ccc4ccccc4c3o2)cc1,0.38
O=C(O)c1ccc(-c2cc(=O)c3c(ccc4ccccc43)o2)cc1,0.38
O=C(O)c1ccc(-c2nc3ccccc3n2-c2ccccc2)cc1,0.21
O=C(O)c1ccc(C(c2ccccc2)c2ccccc2)cc1,-0.05
CN1c2ccccc2[As](c2ccc(C(=O)O)cc2)c2ccccc21,0.07
Cc1ccc(P(=O)(c2ccccc2)c2ccc(C(=O)O)cc2)cc1,0.3
O=C(O)c1ccc(CP(=O)(c2ccccc2)c2ccccc2)cc1,0.01
Cc1ccc(P(=S)(c2ccccc2)c2ccc(C(=O)O)cc2)cc1,0.3
C[P+](c1ccccc1)(c1ccccc1)c1ccc(C(=O)O)cc1,1.18
C[Si](c1ccccc1)(c1ccccc1)c1ccc(C(=O)O)cc1,0.13
O=C(O)c1ccc(C(=O)OC(c2ccccc2)c2ccccc2)cc1,0.56
Cc1ccc(P(=O)(c2ccc(C)cc2)c2ccc(C(=O)O)cc2)cc1,0.3
Cc1ccc(P(=S)(c2ccc(C)cc2)c2ccc(C(=O)O)cc2)cc1,0.23
Cc1ccc([P+](C)(c2ccccc2)c2ccc(C(=O)O)cc2)cc1,1.11
Cc1ccc([P+](C)(c2ccc(C)cc2)c2ccc(C(=O)O)cc2)cc1,1.18
O=C(O)c1ccc([Ge](c2ccccc2)(c2ccccc2)c2ccccc2)cc1,0.08
Cc1cc(-c2ccccc2)cc(-c2ccccc2)[n+]1-c1ccc(C(=O)O)cc1,0.7
O=C(O)c1ccc(N=P(c2ccccc2)(c2ccccc2)c2ccccc2)cc1,-0.77
O=C(O)c1ccc([Si](c2ccccc2)(c2ccccc2)c2ccccc2)cc1,0.1
O=C(O)c1ccc([Sn](c2ccccc2)(c2ccccc2)c2ccccc2)cc1,0.27
O=C(O)c1ccc(C(c2ccccc2)(c2ccccc2)c2ccccc2)cc1,0.02
O=C(O)c1ccc(-[n+]2c(-c3ccccc3)cc(-c3ccccc3)cc2-c2ccccc2)cc1,0.33
